celda_id,area_km2,anio_inicio,anio_fin,dtot_a,dtot_b,ini_dia_a,ini_dia_b,fin_dia_a,fin_dia_b,lon_a,lon_b,dens_a,dens_b,valida_a,valida_b,sin_estacion_a,sin_estacion_b,acuerdo,acuerdo_codigo,dif_ini,dif_fin,dif_lon
c0805_m08295,17.572,2019,2025,0,6,NA,NA,NA,NA,NA,NA,0,0.0488,FALSE,FALSE,FALSE,FALSE,ninguna,4,NA,NA,NA
c0815_m08295,24.687,2019,2025,4,15,NA,NA,NA,NA,NA,NA,0.0231,0.0868,FALSE,FALSE,FALSE,FALSE,ninguna,4,NA,NA,NA
c0815_m08305,8.411,2019,2025,0,6,NA,NA,NA,NA,NA,NA,NA,NA,FALSE,FALSE,FALSE,FALSE,ninguna,4,NA,NA,NA
c0825_m08295,2.692,2019,2025,1,5,NA,NA,NA,NA,NA,NA,NA,NA,FALSE,FALSE,FALSE,FALSE,ninguna,4,NA,NA,NA
c0825_m08305,34.742,2019,2025,1,31,NA,191,NA,219,NA,29,0.0041,0.1275,FALSE,TRUE,FALSE,FALSE,solo_b,2,NA,NA,NA
c0825_m08315,28.184,2019,2025,1,7,NA,NA,NA,NA,NA,NA,0.0051,0.0355,FALSE,FALSE,FALSE,FALSE,ninguna,4,NA,NA,NA
c0835_m08295,19.461,2019,2025,3,4,NA,NA,NA,NA,NA,NA,0.022,0.0294,FALSE,FALSE,FALSE,FALSE,ninguna,4,NA,NA,NA
c0835_m08305,98.126,2019,2025,7,66,NA,182,NA,212,NA,31,0.0102,0.0961,FALSE,TRUE,FALSE,FALSE,solo_b,2,NA,NA,NA
c0835_m08315,91.09,2019,2025,6,55,NA,186,NA,213,NA,28,0.0094,0.0863,FALSE,TRUE,FALSE,FALSE,solo_b,2,NA,NA,NA
c0835_m08335,55.868,2019,2025,0,9,NA,NA,NA,NA,NA,NA,0,0.023,FALSE,FALSE,FALSE,FALSE,ninguna,4,NA,NA,NA
c0835_m08345,37.569,2019,2025,2,3,NA,NA,NA,NA,NA,NA,0.0076,0.0114,FALSE,FALSE,FALSE,FALSE,ninguna,4,NA,NA,NA
c0845_m08285,12.797,2019,2025,3,3,NA,NA,NA,NA,NA,NA,0.0335,0.0335,FALSE,FALSE,FALSE,FALSE,ninguna,4,NA,NA,NA
c0845_m08295,120.763,2019,2025,4,18,NA,NA,NA,NA,NA,NA,0.0047,0.0213,FALSE,FALSE,FALSE,FALSE,ninguna,4,NA,NA,NA
c0845_m08305,121.786,2019,2025,20,53,NA,153,NA,213,NA,61,0.0235,0.0622,FALSE,TRUE,FALSE,FALSE,solo_b,2,NA,NA,NA
c0845_m08315,88.33,2019,2025,12,26,NA,NA,NA,NA,NA,NA,0.0194,0.0421,FALSE,FALSE,FALSE,FALSE,ninguna,4,NA,NA,NA
c0845_m08335,77.379,2019,2025,0,10,NA,NA,NA,NA,NA,NA,0,0.0185,FALSE,FALSE,FALSE,FALSE,ninguna,4,NA,NA,NA
c0845_m08345,121.763,2019,2025,3,15,NA,NA,NA,NA,NA,NA,0.0035,0.0176,FALSE,FALSE,FALSE,FALSE,ninguna,4,NA,NA,NA
c0855_m08285,24.082,2019,2025,0,6,NA,NA,NA,NA,NA,NA,0,0.0356,FALSE,FALSE,FALSE,FALSE,ninguna,4,NA,NA,NA
c0855_m08295,121.763,2019,2025,2,51,NA,175,NA,206,NA,32,0.0023,0.0598,FALSE,TRUE,FALSE,FALSE,solo_b,2,NA,NA,NA
c0855_m08305,121.755,2019,2025,9,25,NA,NA,NA,NA,NA,NA,0.0106,0.0293,FALSE,FALSE,FALSE,FALSE,ninguna,4,NA,NA,NA
c0855_m08315,114.067,2019,2025,0,24,NA,NA,NA,NA,NA,NA,0,0.0301,FALSE,FALSE,FALSE,FALSE,ninguna,4,NA,NA,NA
c0855_m08345,63.629,2019,2025,3,8,NA,NA,NA,NA,NA,NA,0.0067,0.018,FALSE,FALSE,FALSE,FALSE,ninguna,4,NA,NA,NA
c0855_m08355,121.728,2019,2025,1,12,NA,NA,NA,NA,NA,NA,0.0012,0.0141,FALSE,FALSE,FALSE,FALSE,ninguna,4,NA,NA,NA
c0855_m08375,83.313,2019,2025,1,1,NA,NA,NA,NA,NA,NA,0.0017,0.0017,FALSE,FALSE,FALSE,FALSE,ninguna,4,NA,NA,NA
c0865_m08295,84.645,2019,2025,0,9,NA,NA,NA,NA,NA,NA,0,0.0152,FALSE,FALSE,FALSE,FALSE,ninguna,4,NA,NA,NA
c0865_m08305,121.724,2019,2025,0,19,NA,NA,NA,NA,NA,NA,0,0.0223,FALSE,FALSE,FALSE,FALSE,ninguna,4,NA,NA,NA
c0865_m08315,121.717,2019,2025,2,12,NA,NA,NA,NA,NA,NA,0.0023,0.0141,FALSE,FALSE,FALSE,FALSE,ninguna,4,NA,NA,NA
c0865_m08325,121.711,2019,2025,2,0,NA,NA,NA,NA,NA,NA,0.0023,0,FALSE,FALSE,FALSE,FALSE,ninguna,4,NA,NA,NA
c0865_m08335,88.619,2019,2025,1,3,NA,NA,NA,NA,NA,NA,0.0016,0.0048,FALSE,FALSE,FALSE,FALSE,ninguna,4,NA,NA,NA
c0865_m08345,27.697,2019,2025,0,2,NA,NA,NA,NA,NA,NA,0,0.0103,FALSE,FALSE,FALSE,FALSE,ninguna,4,NA,NA,NA
c0865_m08355,108.25,2019,2025,2,24,NA,NA,NA,NA,NA,NA,0.0026,0.0317,FALSE,FALSE,FALSE,FALSE,ninguna,4,NA,NA,NA
c0865_m08365,119.658,2019,2025,2,13,NA,NA,NA,NA,NA,NA,0.0024,0.0155,FALSE,FALSE,FALSE,FALSE,ninguna,4,NA,NA,NA
c0865_m08375,33.625,2019,2025,0,4,NA,NA,NA,NA,NA,NA,0,0.017,FALSE,FALSE,FALSE,FALSE,ninguna,4,NA,NA,NA
c0875_m08295,76.804,2019,2025,1,5,NA,NA,NA,NA,NA,NA,0.0019,0.0093,FALSE,FALSE,FALSE,FALSE,ninguna,4,NA,NA,NA
c0875_m08305,121.692,2019,2025,0,3,NA,NA,NA,NA,NA,NA,0,0.0035,FALSE,FALSE,FALSE,FALSE,ninguna,4,NA,NA,NA
c0875_m08315,121.685,2019,2025,1,60,NA,167,NA,204,NA,38,0.0012,0.0704,FALSE,TRUE,FALSE,FALSE,solo_b,2,NA,NA,NA
c0875_m08325,121.679,2019,2025,0,6,NA,NA,NA,NA,NA,NA,0,0.007,FALSE,FALSE,FALSE,FALSE,ninguna,4,NA,NA,NA
c0875_m08335,121.673,2019,2025,2,14,NA,NA,NA,NA,NA,NA,0.0023,0.0164,FALSE,FALSE,FALSE,FALSE,ninguna,4,NA,NA,NA
c0875_m08345,121.669,2019,2025,9,22,NA,NA,NA,NA,NA,NA,0.0106,0.0258,FALSE,FALSE,FALSE,FALSE,ninguna,4,NA,NA,NA
c0875_m08355,121.665,2019,2025,7,61,NA,181,NA,230,NA,50,0.0082,0.0716,FALSE,TRUE,FALSE,FALSE,solo_b,2,NA,NA,NA
c0875_m08365,99.067,2019,2025,0,2,NA,NA,NA,NA,NA,NA,0,0.0029,FALSE,FALSE,FALSE,FALSE,ninguna,4,NA,NA,NA
c0885_m08285,95.489,2019,2025,3,14,NA,NA,NA,NA,NA,NA,0.0045,0.0209,FALSE,FALSE,FALSE,FALSE,ninguna,4,NA,NA,NA
c0885_m08295,121.046,2019,2025,3,10,NA,NA,NA,NA,NA,NA,0.0035,0.0118,FALSE,FALSE,FALSE,FALSE,ninguna,4,NA,NA,NA
c0885_m08305,121.66,2019,2025,3,33,NA,160,NA,215,NA,56,0.0035,0.0387,FALSE,TRUE,FALSE,FALSE,solo_b,2,NA,NA,NA
c0885_m08315,121.653,2019,2025,11,76,NA,168,NA,203,NA,36,0.0129,0.0892,FALSE,TRUE,FALSE,FALSE,solo_b,2,NA,NA,NA
c0885_m08325,121.647,2019,2025,16,121,NA,178,NA,214,NA,37,0.0188,0.1421,FALSE,TRUE,FALSE,FALSE,solo_b,2,NA,NA,NA
c0885_m08335,121.641,2019,2025,19,113,NA,172,NA,221,NA,50,0.0223,0.1327,FALSE,TRUE,FALSE,FALSE,solo_b,2,NA,NA,NA
c0885_m08345,121.636,2019,2025,19,82,NA,153,NA,217,NA,65,0.0223,0.0963,FALSE,TRUE,FALSE,FALSE,solo_b,2,NA,NA,NA
c0885_m08355,121.632,2019,2025,19,92,NA,158,NA,218,NA,61,0.0223,0.1081,FALSE,TRUE,FALSE,FALSE,solo_b,2,NA,NA,NA
c0885_m08365,75.522,2019,2025,0,1,NA,NA,NA,NA,NA,NA,0,0.0019,FALSE,FALSE,FALSE,FALSE,ninguna,4,NA,NA,NA
c0895_m08305,121.627,2019,2025,3,34,NA,165,NA,239,NA,75,0.0035,0.0399,FALSE,TRUE,FALSE,FALSE,solo_b,2,NA,NA,NA
c0895_m08315,121.62,2019,2025,12,120,NA,142,NA,233,NA,92,0.0141,0.141,FALSE,TRUE,FALSE,FALSE,solo_b,2,NA,NA,NA
c0895_m08325,121.614,2019,2025,36,156,159,159,220,223,62,65,0.0423,0.1832,TRUE,TRUE,FALSE,FALSE,ambas,1,0,3,3
c0895_m08335,121.609,2019,2025,24,148,NA,176,NA,231,NA,56,0.0282,0.1739,FALSE,TRUE,FALSE,FALSE,solo_b,2,NA,NA,NA
c0895_m08345,121.604,2019,2025,13,90,NA,177,NA,225,NA,49,0.0153,0.1057,FALSE,TRUE,FALSE,FALSE,solo_b,2,NA,NA,NA
c0895_m08355,121.6,2019,2025,15,69,NA,166,NA,216,NA,51,0.0176,0.0811,FALSE,TRUE,FALSE,FALSE,solo_b,2,NA,NA,NA
c0895_m08365,103.157,2019,2025,6,32,NA,181,NA,227,NA,47,0.0083,0.0443,FALSE,TRUE,FALSE,FALSE,solo_b,2,NA,NA,NA
c0905_m08315,121.587,2019,2025,3,80,NA,161,NA,212,NA,52,0.0035,0.094,FALSE,TRUE,FALSE,FALSE,solo_b,2,NA,NA,NA
c0905_m08325,121.581,2019,2025,34,245,161,157,202,209,42,53,0.0399,0.2879,TRUE,TRUE,FALSE,FALSE,ambas,1,-4,7,11
c0905_m08335,121.576,2019,2025,17,84,NA,158,NA,220,NA,63,0.02,0.0987,FALSE,TRUE,FALSE,FALSE,solo_b,2,NA,NA,NA
c0905_m08345,121.571,2019,2025,17,108,NA,149,NA,238,NA,90,0.02,0.1269,FALSE,TRUE,FALSE,FALSE,solo_b,2,NA,NA,NA
c0905_m08355,121.567,2019,2025,12,102,NA,186,NA,236,NA,51,0.0141,0.1199,FALSE,TRUE,FALSE,FALSE,solo_b,2,NA,NA,NA
c0905_m08365,121.564,2019,2025,0,19,NA,NA,NA,NA,NA,NA,0,0.0223,FALSE,FALSE,FALSE,FALSE,ninguna,4,NA,NA,NA
c0905_m08375,47.948,2019,2025,0,3,NA,NA,NA,NA,NA,NA,0,0.0089,FALSE,FALSE,FALSE,FALSE,ninguna,4,NA,NA,NA
c0915_m08315,121.554,2019,2025,18,68,NA,163,NA,208,NA,46,0.0212,0.0799,FALSE,TRUE,FALSE,FALSE,solo_b,2,NA,NA,NA
c0915_m08325,121.548,2019,2025,53,367,163,161,217,212,55,52,0.0623,0.4313,TRUE,TRUE,FALSE,FALSE,ambas,1,-2,-5,-3
c0915_m08335,121.542,2019,2025,32,161,128,138,201,209,74,72,0.0376,0.1892,TRUE,TRUE,FALSE,FALSE,ambas,1,10,8,-2
c0915_m08345,121.538,2019,2025,40,121,103,107,187,205,85,99,0.047,0.1422,TRUE,TRUE,FALSE,FALSE,ambas,1,4,18,14
c0915_m08355,121.534,2019,2025,48,108,96,99,202,208,107,110,0.0564,0.1269,TRUE,TRUE,FALSE,FALSE,ambas,1,3,6,3
c0915_m08365,121.53,2019,2025,7,16,NA,NA,NA,NA,NA,NA,0.0082,0.0188,FALSE,FALSE,FALSE,FALSE,ninguna,4,NA,NA,NA
c0915_m08375,121.119,2019,2025,2,3,NA,NA,NA,NA,NA,NA,0.0024,0.0035,FALSE,FALSE,FALSE,FALSE,ninguna,4,NA,NA,NA
c0925_m08325,121.514,2019,2025,3,30,NA,143,NA,216,NA,74,0.0035,0.0353,FALSE,TRUE,FALSE,FALSE,solo_b,2,NA,NA,NA
c0925_m08335,121.509,2019,2025,13,56,NA,169,NA,228,NA,60,0.0153,0.0658,FALSE,TRUE,FALSE,FALSE,solo_b,2,NA,NA,NA
c0925_m08345,121.504,2019,2025,1,7,NA,NA,NA,NA,NA,NA,0.0012,0.0082,FALSE,FALSE,FALSE,FALSE,ninguna,4,NA,NA,NA
c0925_m08355,121.5,2019,2025,7,19,NA,NA,NA,NA,NA,NA,0.0082,0.0223,FALSE,FALSE,FALSE,FALSE,ninguna,4,NA,NA,NA
c0925_m08365,121.497,2019,2025,9,38,NA,147,NA,301,NA,155,0.0106,0.0447,FALSE,TRUE,FALSE,FALSE,solo_b,2,NA,NA,NA
c0925_m08375,121.494,2019,2025,7,58,NA,148,NA,220,NA,73,0.0082,0.0682,FALSE,TRUE,FALSE,FALSE,solo_b,2,NA,NA,NA
c0925_m08385,121.492,2019,2025,0,6,NA,NA,NA,NA,NA,NA,0,0.0071,FALSE,FALSE,FALSE,FALSE,ninguna,4,NA,NA,NA
c0925_m08395,86.537,2019,2025,2,14,NA,NA,NA,NA,NA,NA,0.0033,0.0231,FALSE,FALSE,FALSE,FALSE,ninguna,4,NA,NA,NA
c0925_m08405,19.176,2019,2025,0,2,NA,NA,NA,NA,NA,NA,0,0.0149,FALSE,FALSE,FALSE,FALSE,ninguna,4,NA,NA,NA
c0935_m08305,121.493,2019,2025,0,2,NA,NA,NA,NA,NA,NA,0,0.0024,FALSE,FALSE,FALSE,FALSE,ninguna,4,NA,NA,NA
c0935_m08335,121.475,2019,2025,0,4,NA,NA,NA,NA,NA,NA,0,0.0047,FALSE,FALSE,FALSE,FALSE,ninguna,4,NA,NA,NA
c0935_m08355,121.466,2019,2025,1,9,NA,NA,NA,NA,NA,NA,0.0012,0.0106,FALSE,FALSE,FALSE,FALSE,ninguna,4,NA,NA,NA
c0935_m08365,121.463,2019,2025,0,4,NA,NA,NA,NA,NA,NA,0,0.0047,FALSE,FALSE,FALSE,FALSE,ninguna,4,NA,NA,NA
c0935_m08375,121.46,2019,2025,1,13,NA,NA,NA,NA,NA,NA,0.0012,0.0153,FALSE,FALSE,FALSE,FALSE,ninguna,4,NA,NA,NA
c0935_m08385,121.458,2019,2025,0,5,NA,NA,NA,NA,NA,NA,0,0.0059,FALSE,FALSE,FALSE,FALSE,ninguna,4,NA,NA,NA
c0935_m08395,121.457,2019,2025,3,6,NA,NA,NA,NA,NA,NA,0.0035,0.0071,FALSE,FALSE,FALSE,FALSE,ninguna,4,NA,NA,NA
c0935_m08405,121.33,2019,2025,14,31,NA,187,NA,217,NA,31,0.0165,0.0365,FALSE,TRUE,FALSE,FALSE,solo_b,2,NA,NA,NA
c0935_m08415,95.584,2019,2025,5,20,NA,NA,NA,NA,NA,NA,0.0075,0.0299,FALSE,FALSE,FALSE,FALSE,ninguna,4,NA,NA,NA
c0935_m08425,14.414,2019,2025,0,5,NA,NA,NA,NA,NA,NA,0,0.0496,FALSE,FALSE,FALSE,FALSE,ninguna,4,NA,NA,NA
c0945_m08265,30.946,2019,2025,0,9,NA,NA,NA,NA,NA,NA,0,0.0415,FALSE,FALSE,FALSE,FALSE,ninguna,4,NA,NA,NA
c0945_m08275,24.274,2019,2025,0,2,NA,NA,NA,NA,NA,NA,0,0.0118,FALSE,FALSE,FALSE,FALSE,ninguna,4,NA,NA,NA
c0945_m08295,74.774,2019,2025,3,39,NA,170,NA,243,NA,74,0.0057,0.0745,FALSE,TRUE,FALSE,FALSE,solo_b,2,NA,NA,NA
c0945_m08305,121.459,2019,2025,4,14,NA,NA,NA,NA,NA,NA,0.0047,0.0165,FALSE,FALSE,FALSE,FALSE,ninguna,4,NA,NA,NA
c0945_m08315,121.452,2019,2025,0,6,NA,NA,NA,NA,NA,NA,0,0.0071,FALSE,FALSE,FALSE,FALSE,ninguna,4,NA,NA,NA
c0945_m08325,121.446,2019,2025,0,3,NA,NA,NA,NA,NA,NA,0,0.0035,FALSE,FALSE,FALSE,FALSE,ninguna,4,NA,NA,NA
c0945_m08335,121.44,2019,2025,9,29,NA,NA,NA,NA,NA,NA,0.0106,0.0341,FALSE,FALSE,FALSE,FALSE,ninguna,4,NA,NA,NA
c0945_m08345,121.436,2019,2025,2,10,NA,NA,NA,NA,NA,NA,0.0024,0.0118,FALSE,FALSE,FALSE,FALSE,ninguna,4,NA,NA,NA
c0945_m08365,121.428,2019,2025,1,0,NA,NA,NA,NA,NA,NA,0.0012,0,FALSE,FALSE,FALSE,FALSE,ninguna,4,NA,NA,NA
c0945_m08375,121.426,2019,2025,0,5,NA,NA,NA,NA,NA,NA,0,0.0059,FALSE,FALSE,FALSE,FALSE,ninguna,4,NA,NA,NA
c0945_m08385,121.424,2019,2025,0,2,NA,NA,NA,NA,NA,NA,0,0.0024,FALSE,FALSE,FALSE,FALSE,ninguna,4,NA,NA,NA
c0945_m08395,121.423,2019,2025,0,1,NA,NA,NA,NA,NA,NA,0,0.0012,FALSE,FALSE,FALSE,FALSE,ninguna,4,NA,NA,NA
c0945_m08405,121.423,2019,2025,0,3,NA,NA,NA,NA,NA,NA,0,0.0035,FALSE,FALSE,FALSE,FALSE,ninguna,4,NA,NA,NA
c0945_m08415,121.423,2019,2025,2,20,NA,NA,NA,NA,NA,NA,0.0024,0.0235,FALSE,FALSE,FALSE,FALSE,ninguna,4,NA,NA,NA
c0945_m08425,114.46,2019,2025,18,34,NA,170,NA,228,NA,59,0.0225,0.0424,FALSE,TRUE,FALSE,FALSE,solo_b,2,NA,NA,NA
c0945_m08435,79.7,2019,2025,4,29,NA,NA,NA,NA,NA,NA,0.0072,0.052,FALSE,FALSE,FALSE,FALSE,ninguna,4,NA,NA,NA
c0945_m08445,50.605,2019,2025,2,34,NA,143,NA,228,NA,86,0.0056,0.096,FALSE,TRUE,FALSE,FALSE,solo_b,2,NA,NA,NA
c0945_m08455,31.136,2019,2025,4,21,NA,NA,NA,NA,NA,NA,0.0184,0.0964,FALSE,FALSE,FALSE,FALSE,ninguna,4,NA,NA,NA
c0945_m08465,1.863,2019,2025,0,2,NA,NA,NA,NA,NA,NA,NA,NA,FALSE,FALSE,FALSE,FALSE,ninguna,4,NA,NA,NA
c0955_m08265,56.007,2019,2025,0,10,NA,NA,NA,NA,NA,NA,0,0.0255,FALSE,FALSE,FALSE,FALSE,ninguna,4,NA,NA,NA
c0955_m08275,103.432,2019,2025,1,10,NA,NA,NA,NA,NA,NA,0.0014,0.0138,FALSE,FALSE,FALSE,FALSE,ninguna,4,NA,NA,NA
c0955_m08285,61.613,2019,2025,0,13,NA,NA,NA,NA,NA,NA,0,0.0301,FALSE,FALSE,FALSE,FALSE,ninguna,4,NA,NA,NA
c0955_m08295,103.372,2019,2025,1,14,NA,NA,NA,NA,NA,NA,0.0014,0.0193,FALSE,FALSE,FALSE,FALSE,ninguna,4,NA,NA,NA
c0955_m08305,121.424,2019,2025,3,30,NA,154,NA,241,NA,88,0.0035,0.0353,FALSE,TRUE,FALSE,FALSE,solo_b,2,NA,NA,NA
c0955_m08315,121.417,2019,2025,2,11,NA,NA,NA,NA,NA,NA,0.0024,0.0129,FALSE,FALSE,FALSE,FALSE,ninguna,4,NA,NA,NA
c0955_m08325,121.411,2019,2025,1,7,NA,NA,NA,NA,NA,NA,0.0012,0.0082,FALSE,FALSE,FALSE,FALSE,ninguna,4,NA,NA,NA
c0955_m08335,121.406,2019,2025,7,20,NA,NA,NA,NA,NA,NA,0.0082,0.0235,FALSE,FALSE,FALSE,FALSE,ninguna,4,NA,NA,NA
c0955_m08355,121.397,2019,2025,1,10,NA,NA,NA,NA,NA,NA,0.0012,0.0118,FALSE,FALSE,FALSE,FALSE,ninguna,4,NA,NA,NA
c0955_m08385,121.389,2019,2025,0,1,NA,NA,NA,NA,NA,NA,0,0.0012,FALSE,FALSE,FALSE,FALSE,ninguna,4,NA,NA,NA
c0955_m08405,121.388,2019,2025,0,2,NA,NA,NA,NA,NA,NA,0,0.0024,FALSE,FALSE,FALSE,FALSE,ninguna,4,NA,NA,NA
c0955_m08415,121.388,2019,2025,5,4,NA,NA,NA,NA,NA,NA,0.0059,0.0047,FALSE,FALSE,FALSE,FALSE,ninguna,4,NA,NA,NA
c0955_m08425,121.389,2019,2025,0,15,NA,NA,NA,NA,NA,NA,0,0.0177,FALSE,FALSE,FALSE,FALSE,ninguna,4,NA,NA,NA
c0955_m08435,121.391,2019,2025,11,54,NA,170,NA,216,NA,47,0.0129,0.0635,FALSE,TRUE,FALSE,FALSE,solo_b,2,NA,NA,NA
c0955_m08445,121.394,2019,2025,8,59,NA,188,NA,232,NA,45,0.0094,0.0694,FALSE,TRUE,FALSE,FALSE,solo_b,2,NA,NA,NA
c0955_m08455,121.397,2019,2025,10,21,NA,NA,NA,NA,NA,NA,0.0118,0.0247,FALSE,FALSE,FALSE,FALSE,ninguna,4,NA,NA,NA
c0955_m08465,87.624,2019,2025,7,27,NA,NA,NA,NA,NA,NA,0.0114,0.044,FALSE,FALSE,FALSE,FALSE,ninguna,4,NA,NA,NA
c0955_m08475,2.401,2019,2025,0,1,NA,NA,NA,NA,NA,NA,NA,NA,FALSE,FALSE,FALSE,FALSE,ninguna,4,NA,NA,NA
c0955_m08515,63.085,2019,2025,0,2,NA,NA,NA,NA,NA,NA,0,0.0045,FALSE,FALSE,FALSE,FALSE,ninguna,4,NA,NA,NA
c0965_m08285,57.307,2019,2025,0,2,NA,NA,NA,NA,NA,NA,0,0.005,FALSE,FALSE,FALSE,FALSE,ninguna,4,NA,NA,NA
c0965_m08295,120.969,2019,2025,1,15,NA,NA,NA,NA,NA,NA,0.0012,0.0177,FALSE,FALSE,FALSE,FALSE,ninguna,4,NA,NA,NA
c0965_m08305,121.389,2019,2025,0,19,NA,NA,NA,NA,NA,NA,0,0.0224,FALSE,FALSE,FALSE,FALSE,ninguna,4,NA,NA,NA
c0965_m08315,121.382,2019,2025,9,48,NA,103,NA,232,NA,130,0.0106,0.0565,FALSE,TRUE,FALSE,FALSE,solo_b,2,NA,NA,NA
c0965_m08325,121.376,2019,2025,0,3,NA,NA,NA,NA,NA,NA,0,0.0035,FALSE,FALSE,FALSE,FALSE,ninguna,4,NA,NA,NA
c0965_m08335,121.371,2019,2025,2,1,NA,NA,NA,NA,NA,NA,0.0024,0.0012,FALSE,FALSE,FALSE,FALSE,ninguna,4,NA,NA,NA
c0965_m08345,121.366,2019,2025,1,19,NA,NA,NA,NA,NA,NA,0.0012,0.0224,FALSE,FALSE,FALSE,FALSE,ninguna,4,NA,NA,NA
c0965_m08355,121.362,2019,2025,0,2,NA,NA,NA,NA,NA,NA,0,0.0024,FALSE,FALSE,FALSE,FALSE,ninguna,4,NA,NA,NA
c0965_m08395,121.353,2019,2025,0,8,NA,NA,NA,NA,NA,NA,0,0.0094,FALSE,FALSE,FALSE,FALSE,ninguna,4,NA,NA,NA
c0965_m08405,121.353,2019,2025,1,9,NA,NA,NA,NA,NA,NA,0.0012,0.0106,FALSE,FALSE,FALSE,FALSE,ninguna,4,NA,NA,NA
c0965_m08415,121.353,2019,2025,4,25,NA,NA,NA,NA,NA,NA,0.0047,0.0294,FALSE,FALSE,FALSE,FALSE,ninguna,4,NA,NA,NA
c0965_m08425,121.354,2019,2025,0,6,NA,NA,NA,NA,NA,NA,0,0.0071,FALSE,FALSE,FALSE,FALSE,ninguna,4,NA,NA,NA
c0965_m08435,121.356,2019,2025,5,16,NA,NA,NA,NA,NA,NA,0.0059,0.0188,FALSE,FALSE,FALSE,FALSE,ninguna,4,NA,NA,NA
c0965_m08445,121.359,2019,2025,3,5,NA,NA,NA,NA,NA,NA,0.0035,0.0059,FALSE,FALSE,FALSE,FALSE,ninguna,4,NA,NA,NA
c0965_m08455,121.362,2019,2025,5,22,NA,NA,NA,NA,NA,NA,0.0059,0.0259,FALSE,FALSE,FALSE,FALSE,ninguna,4,NA,NA,NA
c0965_m08465,118.009,2019,2025,1,20,NA,NA,NA,NA,NA,NA,0.0012,0.0242,FALSE,FALSE,FALSE,FALSE,ninguna,4,NA,NA,NA
c0965_m08475,17.419,2019,2025,0,2,NA,NA,NA,NA,NA,NA,0,0.0164,FALSE,FALSE,FALSE,FALSE,ninguna,4,NA,NA,NA
c0965_m08505,42.772,2019,2025,2,33,NA,178,NA,237,NA,60,0.0067,0.1102,FALSE,TRUE,FALSE,FALSE,solo_b,2,NA,NA,NA
c0965_m08515,118.892,2019,2025,2,21,NA,NA,NA,NA,NA,NA,0.0024,0.0252,FALSE,FALSE,FALSE,FALSE,ninguna,4,NA,NA,NA
c0965_m08525,75.348,2019,2025,1,5,NA,NA,NA,NA,NA,NA,0.0019,0.0095,FALSE,FALSE,FALSE,FALSE,ninguna,4,NA,NA,NA
c0975_m08295,62.597,2019,2025,0,9,NA,NA,NA,NA,NA,NA,0,0.0205,FALSE,FALSE,FALSE,FALSE,ninguna,4,NA,NA,NA
c0975_m08305,121.353,2019,2025,0,15,NA,NA,NA,NA,NA,NA,0,0.0177,FALSE,FALSE,FALSE,FALSE,ninguna,4,NA,NA,NA
c0975_m08315,121.347,2019,2025,0,3,NA,NA,NA,NA,NA,NA,0,0.0035,FALSE,FALSE,FALSE,FALSE,ninguna,4,NA,NA,NA
c0975_m08335,121.335,2019,2025,0,14,NA,NA,NA,NA,NA,NA,0,0.0165,FALSE,FALSE,FALSE,FALSE,ninguna,4,NA,NA,NA
c0975_m08345,121.33,2019,2025,2,33,NA,183,NA,248,NA,66,0.0024,0.0389,FALSE,TRUE,FALSE,FALSE,solo_b,2,NA,NA,NA
c0975_m08355,121.326,2019,2025,0,1,NA,NA,NA,NA,NA,NA,0,0.0012,FALSE,FALSE,FALSE,FALSE,ninguna,4,NA,NA,NA
c0975_m08365,121.323,2019,2025,1,1,NA,NA,NA,NA,NA,NA,0.0012,0.0012,FALSE,FALSE,FALSE,FALSE,ninguna,4,NA,NA,NA
c0975_m08375,121.321,2019,2025,8,10,NA,NA,NA,NA,NA,NA,0.0094,0.0118,FALSE,FALSE,FALSE,FALSE,ninguna,4,NA,NA,NA
c0975_m08385,121.319,2019,2025,0,6,NA,NA,NA,NA,NA,NA,0,0.0071,FALSE,FALSE,FALSE,FALSE,ninguna,4,NA,NA,NA
c0975_m08395,121.318,2019,2025,1,56,NA,NA,NA,NA,NA,NA,0.0012,0.0659,FALSE,TRUE,FALSE,TRUE,ninguna,4,NA,NA,NA
c0975_m08405,121.317,2019,2025,2,17,NA,NA,NA,NA,NA,NA,0.0024,0.02,FALSE,FALSE,FALSE,FALSE,ninguna,4,NA,NA,NA
c0975_m08415,121.318,2019,2025,13,53,NA,174,NA,215,NA,42,0.0153,0.0624,FALSE,TRUE,FALSE,FALSE,solo_b,2,NA,NA,NA
c0975_m08425,121.319,2019,2025,1,13,NA,NA,NA,NA,NA,NA,0.0012,0.0153,FALSE,FALSE,FALSE,FALSE,ninguna,4,NA,NA,NA
c0975_m08435,121.321,2019,2025,6,17,NA,NA,NA,NA,NA,NA,0.0071,0.02,FALSE,FALSE,FALSE,FALSE,ninguna,4,NA,NA,NA
c0975_m08445,121.323,2019,2025,3,4,NA,NA,NA,NA,NA,NA,0.0035,0.0047,FALSE,FALSE,FALSE,FALSE,ninguna,4,NA,NA,NA
c0975_m08455,121.326,2019,2025,0,5,NA,NA,NA,NA,NA,NA,0,0.0059,FALSE,FALSE,FALSE,FALSE,ninguna,4,NA,NA,NA
c0975_m08465,113.197,2019,2025,21,98,NA,170,NA,210,NA,41,0.0265,0.1237,FALSE,TRUE,FALSE,FALSE,solo_b,2,NA,NA,NA
c0975_m08475,10.544,2019,2025,6,45,NA,164,NA,248,NA,85,0.0813,0.6097,FALSE,TRUE,FALSE,FALSE,solo_b,2,NA,NA,NA
c0975_m08495,45.554,2019,2025,0,25,NA,NA,NA,NA,NA,NA,0,0.0784,FALSE,FALSE,FALSE,FALSE,ninguna,4,NA,NA,NA
c0975_m08505,120.94,2019,2025,8,76,NA,196,NA,227,NA,32,0.0094,0.0898,FALSE,TRUE,FALSE,FALSE,solo_b,2,NA,NA,NA
c0975_m08515,121.361,2019,2025,3,17,NA,NA,NA,NA,NA,NA,0.0035,0.02,FALSE,FALSE,FALSE,FALSE,ninguna,4,NA,NA,NA
c0975_m08525,121.369,2019,2025,23,87,NA,204,NA,259,NA,56,0.0271,0.1024,FALSE,TRUE,FALSE,FALSE,solo_b,2,NA,NA,NA
c0975_m08535,62.541,2019,2025,0,4,NA,NA,NA,NA,NA,NA,0,0.0091,FALSE,FALSE,FALSE,FALSE,ninguna,4,NA,NA,NA
c0985_m08305,87.474,2019,2025,3,5,NA,NA,NA,NA,NA,NA,0.0049,0.0082,FALSE,FALSE,FALSE,FALSE,ninguna,4,NA,NA,NA
c0985_m08315,121.311,2019,2025,0,11,NA,NA,NA,NA,NA,NA,0,0.013,FALSE,FALSE,FALSE,FALSE,ninguna,4,NA,NA,NA
c0985_m08345,121.295,2019,2025,0,1,NA,NA,NA,NA,NA,NA,0,0.0012,FALSE,FALSE,FALSE,FALSE,ninguna,4,NA,NA,NA
c0985_m08355,121.291,2019,2025,0,2,NA,NA,NA,NA,NA,NA,0,0.0024,FALSE,FALSE,FALSE,FALSE,ninguna,4,NA,NA,NA
c0985_m08365,121.287,2019,2025,0,16,NA,NA,NA,NA,NA,NA,0,0.0188,FALSE,FALSE,FALSE,FALSE,ninguna,4,NA,NA,NA
c0985_m08375,121.285,2019,2025,14,59,NA,165,NA,275,NA,111,0.0165,0.0695,FALSE,TRUE,FALSE,FALSE,solo_b,2,NA,NA,NA
c0985_m08385,121.283,2019,2025,4,22,NA,NA,NA,NA,NA,NA,0.0047,0.0259,FALSE,FALSE,FALSE,FALSE,ninguna,4,NA,NA,NA
c0985_m08395,121.282,2019,2025,0,26,NA,NA,NA,NA,NA,NA,0,0.0306,FALSE,FALSE,FALSE,FALSE,ninguna,4,NA,NA,NA
c0985_m08405,121.282,2019,2025,3,45,NA,130,NA,211,NA,82,0.0035,0.053,FALSE,TRUE,FALSE,FALSE,solo_b,2,NA,NA,NA
c0985_m08415,121.282,2019,2025,1,63,NA,144,NA,231,NA,88,0.0012,0.0742,FALSE,TRUE,FALSE,FALSE,solo_b,2,NA,NA,NA
c0985_m08425,121.283,2019,2025,1,37,NA,146,NA,204,NA,59,0.0012,0.0436,FALSE,TRUE,FALSE,FALSE,solo_b,2,NA,NA,NA
c0985_m08435,121.285,2019,2025,13,54,NA,152,NA,327,NA,176,0.0153,0.0636,FALSE,TRUE,FALSE,FALSE,solo_b,2,NA,NA,NA
c0985_m08445,121.287,2019,2025,6,70,NA,160,NA,209,NA,50,0.0071,0.0824,FALSE,TRUE,FALSE,FALSE,solo_b,2,NA,NA,NA
c0985_m08455,121.291,2019,2025,27,188,NA,172,NA,228,NA,57,0.0318,0.2214,FALSE,TRUE,FALSE,FALSE,solo_b,2,NA,NA,NA
c0985_m08465,121.295,2019,2025,51,210,168,160,225,226,58,67,0.0601,0.2473,TRUE,TRUE,FALSE,FALSE,ambas,1,-8,1,9
c0985_m08475,81.316,2019,2025,31,229,174,172,226,223,53,52,0.0545,0.4023,TRUE,TRUE,FALSE,FALSE,ambas,1,-2,-3,-1
c0985_m08495,29.345,2019,2025,13,116,NA,204,NA,228,NA,25,0.0633,0.5647,FALSE,TRUE,FALSE,FALSE,solo_b,2,NA,NA,NA
c0985_m08505,112.239,2019,2025,31,163,188,188,228,230,41,43,0.0395,0.2075,TRUE,TRUE,FALSE,FALSE,ambas,1,0,2,2
c0985_m08515,121.325,2019,2025,16,74,NA,184,NA,232,NA,49,0.0188,0.0871,FALSE,TRUE,FALSE,FALSE,solo_b,2,NA,NA,NA
c0985_m08525,121.334,2019,2025,22,96,NA,183,NA,209,NA,27,0.0259,0.113,FALSE,TRUE,FALSE,FALSE,solo_b,2,NA,NA,NA
c0985_m08535,121.343,2019,2025,6,44,NA,142,NA,237,NA,96,0.0071,0.0518,FALSE,TRUE,FALSE,FALSE,solo_b,2,NA,NA,NA
c0985_m08545,117.725,2019,2025,3,14,NA,NA,NA,NA,NA,NA,0.0036,0.017,FALSE,FALSE,FALSE,FALSE,ninguna,4,NA,NA,NA
c0985_m08555,100.73,2019,2025,7,38,NA,175,NA,236,NA,62,0.0099,0.053900000000000003,FALSE,TRUE,FALSE,FALSE,solo_b,2,NA,NA,NA
c0985_m08565,72.774,2019,2025,5,9,NA,NA,NA,NA,NA,NA,0.0098,0.0177,FALSE,FALSE,FALSE,FALSE,ninguna,4,NA,NA,NA
c0995_m08305,16.513,2019,2025,0,1,NA,NA,NA,NA,NA,NA,0,0.0087,FALSE,FALSE,FALSE,FALSE,ninguna,4,NA,NA,NA
c0995_m08315,83.514,2019,2025,0,18,NA,NA,NA,NA,NA,NA,0,0.0308,FALSE,FALSE,FALSE,FALSE,ninguna,4,NA,NA,NA
c0995_m08325,121.268,2019,2025,0,4,NA,NA,NA,NA,NA,NA,0,0.0047,FALSE,FALSE,FALSE,FALSE,ninguna,4,NA,NA,NA
c0995_m08335,121.263,2019,2025,4,12,NA,NA,NA,NA,NA,NA,0.0047,0.0141,FALSE,FALSE,FALSE,FALSE,ninguna,4,NA,NA,NA
c0995_m08345,121.258,2019,2025,0,1,NA,NA,NA,NA,NA,NA,0,0.0012,FALSE,FALSE,FALSE,FALSE,ninguna,4,NA,NA,NA
c0995_m08355,121.254,2019,2025,0,1,NA,NA,NA,NA,NA,NA,0,0.0012,FALSE,FALSE,FALSE,FALSE,ninguna,4,NA,NA,NA
c0995_m08385,121.247,2019,2025,1,7,NA,NA,NA,NA,NA,NA,0.0012,0.0082,FALSE,FALSE,FALSE,FALSE,ninguna,4,NA,NA,NA
c0995_m08405,121.245,2019,2025,0,5,NA,NA,NA,NA,NA,NA,0,0.0059,FALSE,FALSE,FALSE,FALSE,ninguna,4,NA,NA,NA
c0995_m08415,121.246,2019,2025,2,90,NA,131,NA,230,NA,100,0.0024,0.106,FALSE,TRUE,FALSE,FALSE,solo_b,2,NA,NA,NA
c0995_m08425,121.247,2019,2025,3,234,NA,103,NA,221,NA,119,0.0035,0.2757,FALSE,TRUE,FALSE,FALSE,solo_b,2,NA,NA,NA
c0995_m08435,121.249,2019,2025,73,246,158,154,230,236,73,83,0.086,0.2898,TRUE,TRUE,FALSE,FALSE,ambas,1,-4,6,10
c0995_m08445,121.251,2019,2025,15,90,NA,176,NA,223,NA,48,0.0177,0.106,FALSE,TRUE,FALSE,FALSE,solo_b,2,NA,NA,NA
c0995_m08455,121.254,2019,2025,0,5,NA,NA,NA,NA,NA,NA,0,0.0059,FALSE,FALSE,FALSE,FALSE,ninguna,4,NA,NA,NA
c0995_m08465,121.258,2019,2025,2,25,NA,NA,NA,NA,NA,NA,0.0024,0.0295,FALSE,FALSE,FALSE,FALSE,ninguna,4,NA,NA,NA
c0995_m08475,118.608,2019,2025,22,159,NA,143,NA,209,NA,67,0.0265,0.1915,FALSE,TRUE,FALSE,FALSE,solo_b,2,NA,NA,NA
c0995_m08485,82.633,2019,2025,39,128,133,134,213,236,81,103,0.0674,0.2213,TRUE,TRUE,FALSE,FALSE,ambas,1,1,23,22
c0995_m08495,32.06,2019,2025,12,53,NA,114,NA,210,NA,97,0.0535,0.2362,FALSE,TRUE,FALSE,FALSE,solo_b,2,NA,NA,NA
c0995_m08505,10.121,2019,2025,1,0,NA,NA,NA,NA,NA,NA,0.0141,0,FALSE,FALSE,FALSE,FALSE,ninguna,4,NA,NA,NA
c0995_m08515,40.885,2019,2025,4,32,NA,206,NA,251,NA,46,0.014,0.1118,FALSE,TRUE,FALSE,FALSE,solo_b,2,NA,NA,NA
c0995_m08525,116.234,2019,2025,39,174,96,93,252,225,157,133,0.0479,0.2139,TRUE,TRUE,FALSE,FALSE,ambas,1,-3,-27,-24
c0995_m08535,121.306,2019,2025,10,75,NA,210,NA,245,NA,36,0.0118,0.0883,FALSE,TRUE,FALSE,FALSE,solo_b,2,NA,NA,NA
c0995_m08545,121.316,2019,2025,2,8,NA,NA,NA,NA,NA,NA,0.0024,0.0094,FALSE,FALSE,FALSE,FALSE,ninguna,4,NA,NA,NA
c0995_m08555,121.327,2019,2025,5,22,NA,NA,NA,NA,NA,NA,0.0059,0.0259,FALSE,FALSE,FALSE,FALSE,ninguna,4,NA,NA,NA
c0995_m08565,121.338,2019,2025,3,25,NA,NA,NA,NA,NA,NA,0.0035,0.0294,FALSE,FALSE,FALSE,FALSE,ninguna,4,NA,NA,NA
c0995_m08575,73.353,2019,2025,5,42,NA,196,NA,237,NA,42,0.0097,0.0818,FALSE,TRUE,FALSE,FALSE,solo_b,2,NA,NA,NA
c1005_m08325,85.484,2019,2025,1,2,NA,NA,NA,NA,NA,NA,0.0017,0.0033,FALSE,FALSE,FALSE,FALSE,ninguna,4,NA,NA,NA
c1005_m08335,121.227,2019,2025,0,10,NA,NA,NA,NA,NA,NA,0,0.0118,FALSE,FALSE,FALSE,FALSE,ninguna,4,NA,NA,NA
c1005_m08345,121.222,2019,2025,3,30,NA,NA,NA,NA,NA,NA,0.0035,0.0354,FALSE,TRUE,FALSE,TRUE,ninguna,4,NA,NA,NA
c1005_m08355,121.218,2019,2025,2,6,NA,NA,NA,NA,NA,NA,0.0024,0.0071,FALSE,FALSE,FALSE,FALSE,ninguna,4,NA,NA,NA
c1005_m08365,121.215,2019,2025,1,8,NA,NA,NA,NA,NA,NA,0.0012,0.0094,FALSE,FALSE,FALSE,FALSE,ninguna,4,NA,NA,NA
c1005_m08415,121.209,2019,2025,1,10,NA,NA,NA,NA,NA,NA,0.0012,0.0118,FALSE,FALSE,FALSE,FALSE,ninguna,4,NA,NA,NA
c1005_m08425,121.21,2019,2025,5,24,NA,NA,NA,NA,NA,NA,0.0059,0.0283,FALSE,FALSE,FALSE,FALSE,ninguna,4,NA,NA,NA
c1005_m08435,121.212,2019,2025,11,80,NA,153,NA,220,NA,68,0.013,0.0943,FALSE,TRUE,FALSE,FALSE,solo_b,2,NA,NA,NA
c1005_m08445,121.215,2019,2025,12,42,NA,165,NA,229,NA,65,0.0141,0.0495,FALSE,TRUE,FALSE,FALSE,solo_b,2,NA,NA,NA
c1005_m08455,121.218,2019,2025,1,37,NA,167,NA,238,NA,72,0.0012,0.0436,FALSE,TRUE,FALSE,FALSE,solo_b,2,NA,NA,NA
c1005_m08465,121.222,2019,2025,3,13,NA,NA,NA,NA,NA,NA,0.0035,0.0153,FALSE,FALSE,FALSE,FALSE,ninguna,4,NA,NA,NA
c1005_m08475,121.227,2019,2025,2,19,NA,NA,NA,NA,NA,NA,0.0024,0.0224,FALSE,FALSE,FALSE,FALSE,ninguna,4,NA,NA,NA
c1005_m08485,121.232,2019,2025,99,315,131,155,222,227,92,73,0.1167,0.3712,TRUE,TRUE,FALSE,FALSE,ambas,1,24,5,-19
c1005_m08495,120.028,2019,2025,98,382,147,159,238,233,92,75,0.1166,0.4547,TRUE,TRUE,FALSE,FALSE,ambas,1,12,-5,-17
c1005_m08505,52.475,2019,2025,22,147,NA,198,NA,237,NA,40,0.0599,0.4002,FALSE,TRUE,FALSE,FALSE,solo_b,2,NA,NA,NA
c1005_m08515,24.746,2019,2025,0,3,NA,NA,NA,NA,NA,NA,0,0.0173,FALSE,FALSE,FALSE,FALSE,ninguna,4,NA,NA,NA
c1005_m08525,59.608,2019,2025,6,62,NA,198,NA,234,NA,37,0.0144,0.1486,FALSE,TRUE,FALSE,FALSE,solo_b,2,NA,NA,NA
c1005_m08535,121.27,2019,2025,24,98,NA,184,NA,250,NA,67,0.0283,0.1154,FALSE,TRUE,FALSE,FALSE,solo_b,2,NA,NA,NA
c1005_m08545,121.28,2019,2025,31,198,186,176,213,237,28,62,0.0365,0.2332,TRUE,TRUE,FALSE,FALSE,ambas,1,-10,24,34
c1005_m08555,121.29,2019,2025,36,106,117,101,239,239,123,139,0.0424,0.1248,TRUE,TRUE,FALSE,FALSE,ambas,1,-16,0,16
c1005_m08565,121.301,2019,2025,8,51,NA,203,NA,245,NA,43,0.0094,0.0601,FALSE,TRUE,FALSE,FALSE,solo_b,2,NA,NA,NA
c1005_m08575,121.313,2019,2025,7,48,NA,176,NA,229,NA,54,0.0082,0.0565,FALSE,TRUE,FALSE,FALSE,solo_b,2,NA,NA,NA
c1005_m08585,42.25,2019,2025,27,171,NA,170,NA,228,NA,59,0.0913,0.5782,FALSE,TRUE,FALSE,FALSE,solo_b,2,NA,NA,NA
c1015_m08335,102.402,2019,2025,7,30,NA,NA,NA,NA,NA,NA,0.0098,0.0419,FALSE,TRUE,FALSE,TRUE,ninguna,4,NA,NA,NA
c1015_m08345,121.185,2019,2025,0,4,NA,NA,NA,NA,NA,NA,0,0.0047,FALSE,FALSE,FALSE,FALSE,ninguna,4,NA,NA,NA
c1015_m08355,121.181,2019,2025,2,30,NA,NA,NA,NA,NA,NA,0.0024,0.0354,FALSE,TRUE,FALSE,TRUE,ninguna,4,NA,NA,NA
c1015_m08365,121.178,2019,2025,4,11,NA,NA,NA,NA,NA,NA,0.0047,0.013,FALSE,FALSE,FALSE,FALSE,ninguna,4,NA,NA,NA
c1015_m08375,121.175,2019,2025,0,7,NA,NA,NA,NA,NA,NA,0,0.0083,FALSE,FALSE,FALSE,FALSE,ninguna,4,NA,NA,NA
c1015_m08385,121.173,2019,2025,5,3,NA,NA,NA,NA,NA,NA,0.0059,0.0035,FALSE,FALSE,FALSE,FALSE,ninguna,4,NA,NA,NA
c1015_m08395,121.172,2019,2025,0,5,NA,NA,NA,NA,NA,NA,0,0.0059,FALSE,FALSE,FALSE,FALSE,ninguna,4,NA,NA,NA
c1015_m08435,121.175,2019,2025,0,11,NA,NA,NA,NA,NA,NA,0,0.013,FALSE,FALSE,FALSE,FALSE,ninguna,4,NA,NA,NA
c1015_m08445,121.178,2019,2025,1,12,NA,NA,NA,NA,NA,NA,0.0012,0.0141,FALSE,FALSE,FALSE,FALSE,ninguna,4,NA,NA,NA
c1015_m08455,121.181,2019,2025,0,1,NA,NA,NA,NA,NA,NA,0,0.0012,FALSE,FALSE,FALSE,FALSE,ninguna,4,NA,NA,NA
c1015_m08465,121.185,2019,2025,0,1,NA,NA,NA,NA,NA,NA,0,0.0012,FALSE,FALSE,FALSE,FALSE,ninguna,4,NA,NA,NA
c1015_m08475,121.19,2019,2025,1,6,NA,NA,NA,NA,NA,NA,0.0012,0.0071,FALSE,FALSE,FALSE,FALSE,ninguna,4,NA,NA,NA
c1015_m08485,121.195,2019,2025,1,10,NA,NA,NA,NA,NA,NA,0.0012,0.0118,FALSE,FALSE,FALSE,FALSE,ninguna,4,NA,NA,NA
c1015_m08495,121.201,2019,2025,15,78,NA,180,NA,231,NA,52,0.0177,0.0919,FALSE,TRUE,FALSE,FALSE,solo_b,2,NA,NA,NA
c1015_m08505,121.208,2019,2025,75,327,177,176,237,236,61,61,0.0884,0.3854,TRUE,TRUE,FALSE,FALSE,ambas,1,-1,-1,0
c1015_m08515,107.199,2019,2025,65,305,155,155,231,236,77,82,0.0866,0.4065,TRUE,TRUE,FALSE,FALSE,ambas,1,0,5,5
c1015_m08525,84.922,2019,2025,53,360,153,150,231,236,79,87,0.0892,0.6056,TRUE,TRUE,FALSE,FALSE,ambas,1,-3,5,8
c1015_m08535,121.233,2019,2025,49,271,168,173,242,232,75,60,0.0577,0.3193,TRUE,TRUE,FALSE,FALSE,ambas,1,5,-10,-15
c1015_m08545,121.243,2019,2025,56,406,163,174,230,231,68,58,0.066,0.4784,TRUE,TRUE,FALSE,FALSE,ambas,1,11,1,-10
c1015_m08555,121.253,2019,2025,63,433,180,178,233,221,54,44,0.0742,0.5101,TRUE,TRUE,FALSE,FALSE,ambas,1,-2,-12,-10
c1015_m08565,121.264,2019,2025,66,442,182,187,213,214,32,28,0.0778,0.5207,TRUE,TRUE,FALSE,FALSE,ambas,1,5,1,-4
c1015_m08575,121.276,2019,2025,37,322,179,175,213,225,35,51,0.0436,0.3793,TRUE,TRUE,FALSE,FALSE,ambas,1,-4,12,16
c1015_m08585,96.782,2019,2025,105,676,175,176,226,227,52,52,0.155,0.9978,TRUE,TRUE,FALSE,FALSE,ambas,1,1,1,0
c1025_m08335,16.696,2019,2025,0,1,NA,NA,NA,NA,NA,NA,0,0.0086,FALSE,FALSE,FALSE,FALSE,ninguna,4,NA,NA,NA
c1025_m08345,112.001,2019,2025,1,8,NA,NA,NA,NA,NA,NA,0.0013,0.0102,FALSE,FALSE,FALSE,FALSE,ninguna,4,NA,NA,NA
c1025_m08355,121.144,2019,2025,0,6,NA,NA,NA,NA,NA,NA,0,0.0071,FALSE,FALSE,FALSE,FALSE,ninguna,4,NA,NA,NA
c1025_m08365,121.14,2019,2025,1,7,NA,NA,NA,NA,NA,NA,0.0012,0.0083,FALSE,FALSE,FALSE,FALSE,ninguna,4,NA,NA,NA
c1025_m08375,121.138,2019,2025,2,21,NA,NA,NA,NA,NA,NA,0.0024,0.0248,FALSE,FALSE,FALSE,FALSE,ninguna,4,NA,NA,NA
c1025_m08385,121.136,2019,2025,0,6,NA,NA,NA,NA,NA,NA,0,0.0071,FALSE,FALSE,FALSE,FALSE,ninguna,4,NA,NA,NA
c1025_m08395,121.135,2019,2025,1,8,NA,NA,NA,NA,NA,NA,0.0012,0.0094,FALSE,FALSE,FALSE,FALSE,ninguna,4,NA,NA,NA
c1025_m08425,121.136,2019,2025,0,1,NA,NA,NA,NA,NA,NA,0,0.0012,FALSE,FALSE,FALSE,FALSE,ninguna,4,NA,NA,NA
c1025_m08445,121.14,2019,2025,0,1,NA,NA,NA,NA,NA,NA,0,0.0012,FALSE,FALSE,FALSE,FALSE,ninguna,4,NA,NA,NA
c1025_m08455,121.144,2019,2025,0,2,NA,NA,NA,NA,NA,NA,0,0.0024,FALSE,FALSE,FALSE,FALSE,ninguna,4,NA,NA,NA
c1025_m08485,121.158,2019,2025,0,2,NA,NA,NA,NA,NA,NA,0,0.0024,FALSE,FALSE,FALSE,FALSE,ninguna,4,NA,NA,NA
c1025_m08495,121.164,2019,2025,2,16,NA,NA,NA,NA,NA,NA,0.0024,0.0189,FALSE,FALSE,FALSE,FALSE,ninguna,4,NA,NA,NA
c1025_m08505,121.171,2019,2025,27,140,NA,184,NA,216,NA,33,0.0318,0.1651,FALSE,TRUE,FALSE,FALSE,solo_b,2,NA,NA,NA
c1025_m08515,121.178,2019,2025,67,190,142,143,230,246,89,104,0.079,0.224,TRUE,TRUE,FALSE,FALSE,ambas,1,1,16,15
c1025_m08525,121.187,2019,2025,103,243,149,158,252,237,104,80,0.1214,0.2865,TRUE,TRUE,FALSE,FALSE,ambas,1,9,-15,-24
c1025_m08535,121.196,2019,2025,17,114,NA,171,NA,252,NA,82,0.02,0.1344,FALSE,TRUE,FALSE,FALSE,solo_b,2,NA,NA,NA
c1025_m08545,121.205,2019,2025,9,74,NA,172,NA,243,NA,72,0.0106,0.0872,FALSE,TRUE,FALSE,FALSE,solo_b,2,NA,NA,NA
c1025_m08555,121.216,2019,2025,48,286,163,171,229,230,67,60,0.0566,0.3371,TRUE,TRUE,FALSE,FALSE,ambas,1,8,1,-7
c1025_m08565,121.227,2019,2025,39,198,169,176,265,237,97,62,0.046,0.2333,TRUE,TRUE,FALSE,FALSE,ambas,1,7,-28,-35
c1025_m08575,121.239,2019,2025,65,478,180,178,213,220,34,43,0.0766,0.5632,TRUE,TRUE,FALSE,FALSE,ambas,1,-2,7,9
c1025_m08585,117.841,2019,2025,55,386,179,178,230,225,52,48,0.0667,0.4679,TRUE,TRUE,FALSE,FALSE,ambas,1,-1,-5,-4
c1035_m08355,121.043,2019,2025,0,1,NA,NA,NA,NA,NA,NA,0,0.0012,FALSE,FALSE,FALSE,FALSE,ninguna,4,NA,NA,NA
c1035_m08365,121.103,2019,2025,0,4,NA,NA,NA,NA,NA,NA,0,0.0047,FALSE,FALSE,FALSE,FALSE,ninguna,4,NA,NA,NA
c1035_m08375,121.1,2019,2025,0,7,NA,NA,NA,NA,NA,NA,0,0.0083,FALSE,FALSE,FALSE,FALSE,ninguna,4,NA,NA,NA
c1035_m08385,121.099,2019,2025,3,7,NA,NA,NA,NA,NA,NA,0.0035,0.0083,FALSE,FALSE,FALSE,FALSE,ninguna,4,NA,NA,NA
c1035_m08395,121.097,2019,2025,6,35,NA,NA,NA,NA,NA,NA,0.0071,0.0413,FALSE,TRUE,FALSE,TRUE,ninguna,4,NA,NA,NA
c1035_m08405,121.097,2019,2025,11,25,NA,NA,NA,NA,NA,NA,0.013,0.0295,FALSE,FALSE,FALSE,FALSE,ninguna,4,NA,NA,NA
c1035_m08415,121.097,2019,2025,3,13,NA,NA,NA,NA,NA,NA,0.0035,0.0153,FALSE,FALSE,FALSE,FALSE,ninguna,4,NA,NA,NA
c1035_m08425,121.099,2019,2025,6,35,NA,NA,NA,NA,NA,NA,0.0071,0.0413,FALSE,TRUE,FALSE,TRUE,ninguna,4,NA,NA,NA
c1035_m08435,121.1,2019,2025,5,28,NA,NA,NA,NA,NA,NA,0.0059,0.033,FALSE,FALSE,FALSE,FALSE,ninguna,4,NA,NA,NA
c1035_m08445,121.103,2019,2025,3,11,NA,NA,NA,NA,NA,NA,0.0035,0.013,FALSE,FALSE,FALSE,FALSE,ninguna,4,NA,NA,NA
c1035_m08455,121.106,2019,2025,7,15,NA,NA,NA,NA,NA,NA,0.0083,0.0177,FALSE,FALSE,FALSE,FALSE,ninguna,4,NA,NA,NA
c1035_m08465,121.11,2019,2025,0,1,NA,NA,NA,NA,NA,NA,0,0.0012,FALSE,FALSE,FALSE,FALSE,ninguna,4,NA,NA,NA
c1035_m08495,121.126,2019,2025,0,8,NA,NA,NA,NA,NA,NA,0,0.0094,FALSE,FALSE,FALSE,FALSE,ninguna,4,NA,NA,NA
c1035_m08505,121.133,2019,2025,15,96,NA,211,NA,247,NA,37,0.0177,0.1132,FALSE,TRUE,FALSE,FALSE,solo_b,2,NA,NA,NA
c1035_m08515,121.141,2019,2025,81,279,122,129,226,235,105,107,0.0955,0.329,TRUE,TRUE,FALSE,FALSE,ambas,1,7,9,2
c1035_m08525,121.149,2019,2025,190,504,130,137,219,218,90,82,0.224,0.5943,TRUE,TRUE,FALSE,FALSE,ambas,1,7,-1,-8
c1035_m08535,121.158,2019,2025,117,390,158,151,232,230,75,80,0.138,0.4598,TRUE,TRUE,FALSE,FALSE,ambas,1,-7,-2,5
c1035_m08545,121.168,2019,2025,116,203,125,135,232,222,108,88,0.1368,0.2393,TRUE,TRUE,FALSE,FALSE,ambas,1,10,-10,-20
c1035_m08555,121.178,2019,2025,231,386,113,118,219,216,107,99,0.2723,0.4551,TRUE,TRUE,FALSE,FALSE,ambas,1,5,-3,-8
c1035_m08565,121.189,2019,2025,106,766,152,168,227,227,76,60,0.125,0.903,TRUE,TRUE,FALSE,FALSE,ambas,1,16,0,-16
c1035_m08575,121.201,2019,2025,143,845,163,167,214,216,52,50,0.1686,0.996,TRUE,TRUE,FALSE,FALSE,ambas,1,4,2,-2
c1035_m08585,83.354,2019,2025,90,465,167,169,215,228,49,60,0.1542,0.7969,TRUE,TRUE,FALSE,FALSE,ambas,1,2,13,11
c1035_m08595,4.613,2019,2025,1,0,NA,NA,NA,NA,NA,NA,NA,NA,FALSE,FALSE,FALSE,FALSE,ninguna,4,NA,NA,NA
c1045_m08365,121.065,2019,2025,1,5,NA,NA,NA,NA,NA,NA,0.0012,0.0059,FALSE,FALSE,FALSE,FALSE,ninguna,4,NA,NA,NA
c1045_m08375,121.062,2019,2025,0,4,NA,NA,NA,NA,NA,NA,0,0.0047,FALSE,FALSE,FALSE,FALSE,ninguna,4,NA,NA,NA
c1045_m08385,121.061,2019,2025,6,14,NA,NA,NA,NA,NA,NA,0.0071,0.0165,FALSE,FALSE,FALSE,FALSE,ninguna,4,NA,NA,NA
c1045_m08395,121.06,2019,2025,2,13,NA,NA,NA,NA,NA,NA,0.0024,0.0153,FALSE,FALSE,FALSE,FALSE,ninguna,4,NA,NA,NA
c1045_m08405,121.059,2019,2025,0,2,NA,NA,NA,NA,NA,NA,0,0.0024,FALSE,FALSE,FALSE,FALSE,ninguna,4,NA,NA,NA
c1045_m08415,121.06,2019,2025,5,34,NA,NA,NA,NA,NA,NA,0.0059,0.0401,FALSE,TRUE,FALSE,TRUE,ninguna,4,NA,NA,NA
c1045_m08425,121.061,2019,2025,19,79,NA,NA,NA,NA,NA,NA,0.0224,0.0932,FALSE,TRUE,FALSE,TRUE,ninguna,4,NA,NA,NA
c1045_m08435,121.062,2019,2025,10,44,NA,NA,NA,NA,NA,NA,0.0118,0.0519,FALSE,TRUE,FALSE,TRUE,ninguna,4,NA,NA,NA
c1045_m08445,121.065,2019,2025,4,23,NA,NA,NA,NA,NA,NA,0.0047,0.0271,FALSE,FALSE,FALSE,FALSE,ninguna,4,NA,NA,NA
c1045_m08455,121.068,2019,2025,15,67,NA,NA,NA,NA,NA,NA,0.0177,0.0791,FALSE,TRUE,FALSE,TRUE,ninguna,4,NA,NA,NA
c1045_m08465,121.072,2019,2025,1,8,NA,NA,NA,NA,NA,NA,0.0012,0.0094,FALSE,FALSE,FALSE,FALSE,ninguna,4,NA,NA,NA
c1045_m08475,121.077,2019,2025,0,1,NA,NA,NA,NA,NA,NA,0,0.0012,FALSE,FALSE,FALSE,FALSE,ninguna,4,NA,NA,NA
c1045_m08495,121.088,2019,2025,0,1,NA,NA,NA,NA,NA,NA,0,0.0012,FALSE,FALSE,FALSE,FALSE,ninguna,4,NA,NA,NA
c1045_m08505,121.095,2019,2025,12,79,NA,200,NA,237,NA,38,0.0142,0.0932,FALSE,TRUE,FALSE,FALSE,solo_b,2,NA,NA,NA
c1045_m08515,121.103,2019,2025,51,247,175,174,220,239,46,66,0.0602,0.2914,TRUE,TRUE,FALSE,FALSE,ambas,1,-1,19,20
c1045_m08525,121.111,2019,2025,105,516,135,146,220,231,86,86,0.1239,0.6087,TRUE,TRUE,FALSE,FALSE,ambas,1,11,11,0
c1045_m08535,121.12,2019,2025,85,339,162,155,238,236,77,82,0.1003,0.3998,TRUE,TRUE,FALSE,FALSE,ambas,1,-7,-2,5
c1045_m08545,121.13,2019,2025,148,446,147,149,234,212,88,64,0.1745,0.526,TRUE,TRUE,FALSE,FALSE,ambas,1,2,-22,-24
c1045_m08555,121.14,2019,2025,159,297,111,126,235,232,125,107,0.1875,0.3502,TRUE,TRUE,FALSE,FALSE,ambas,1,15,-3,-18
c1045_m08565,121.151,2019,2025,91,366,112,143,214,227,103,85,0.1073,0.4316,TRUE,TRUE,FALSE,FALSE,ambas,1,31,13,-18
c1045_m08575,117.806,2019,2025,203,1313,170,174,226,220,57,47,0.2462,1.5922,TRUE,TRUE,FALSE,FALSE,ambas,1,4,-6,-10
c1045_m08585,40.378,2019,2025,60,415,182,182,226,227,45,46,0.2123,1.4683,TRUE,TRUE,FALSE,FALSE,ambas,1,0,1,1
c1055_m08365,121.027,2019,2025,0,2,NA,NA,NA,NA,NA,NA,0,0.0024,FALSE,FALSE,FALSE,FALSE,ninguna,4,NA,NA,NA
c1055_m08375,121.024,2019,2025,0,1,NA,NA,NA,NA,NA,NA,0,0.0012,FALSE,FALSE,FALSE,FALSE,ninguna,4,NA,NA,NA
c1055_m08385,121.022,2019,2025,1,5,NA,NA,NA,NA,NA,NA,0.0012,0.0059,FALSE,FALSE,FALSE,FALSE,ninguna,4,NA,NA,NA
c1055_m08395,121.021,2019,2025,4,22,NA,NA,NA,NA,NA,NA,0.0047,0.026,FALSE,FALSE,FALSE,FALSE,ninguna,4,NA,NA,NA
c1055_m08405,121.021,2019,2025,0,7,NA,NA,NA,NA,NA,NA,0,0.0083,FALSE,FALSE,FALSE,FALSE,ninguna,4,NA,NA,NA
c1055_m08415,121.021,2019,2025,7,20,NA,NA,NA,NA,NA,NA,0.0083,0.0236,FALSE,FALSE,FALSE,FALSE,ninguna,4,NA,NA,NA
c1055_m08425,121.022,2019,2025,8,19,NA,NA,NA,NA,NA,NA,0.0094,0.0224,FALSE,FALSE,FALSE,FALSE,ninguna,4,NA,NA,NA
c1055_m08435,121.024,2019,2025,5,69,NA,NA,NA,NA,NA,NA,0.0059,0.0814,FALSE,TRUE,FALSE,TRUE,ninguna,4,NA,NA,NA
c1055_m08445,121.027,2019,2025,5,42,NA,118,NA,313,NA,196,0.0059,0.0496,FALSE,TRUE,FALSE,FALSE,solo_b,2,NA,NA,NA
c1055_m08455,121.03,2019,2025,5,33,NA,179,NA,270,NA,92,0.0059,0.039,FALSE,TRUE,FALSE,FALSE,solo_b,2,NA,NA,NA
c1055_m08465,121.034,2019,2025,3,7,NA,NA,NA,NA,NA,NA,0.0035,0.0083,FALSE,FALSE,FALSE,FALSE,ninguna,4,NA,NA,NA
c1055_m08475,121.038,2019,2025,0,4,NA,NA,NA,NA,NA,NA,0,0.0047,FALSE,FALSE,FALSE,FALSE,ninguna,4,NA,NA,NA
c1055_m08485,121.044,2019,2025,0,3,NA,NA,NA,NA,NA,NA,0,0.0035,FALSE,FALSE,FALSE,FALSE,ninguna,4,NA,NA,NA
c1055_m08495,121.05,2019,2025,0,1,NA,NA,NA,NA,NA,NA,0,0.0012,FALSE,FALSE,FALSE,FALSE,ninguna,4,NA,NA,NA
c1055_m08505,121.057,2019,2025,2,20,NA,NA,NA,NA,NA,NA,0.0024,0.0236,FALSE,FALSE,FALSE,FALSE,ninguna,4,NA,NA,NA
c1055_m08515,121.064,2019,2025,36,129,163,179,259,259,97,81,0.0425,0.1522,TRUE,TRUE,FALSE,FALSE,ambas,1,16,0,-16
c1055_m08525,121.072,2019,2025,33,240,178,190,237,235,60,46,0.0389,0.2832,TRUE,TRUE,FALSE,FALSE,ambas,1,12,-2,-14
c1055_m08535,121.081,2019,2025,101,586,189,189,237,234,49,46,0.1192,0.6914,TRUE,TRUE,FALSE,FALSE,ambas,1,0,-3,-3
c1055_m08545,121.091,2019,2025,59,345,139,160,243,232,105,73,0.0696,0.407,TRUE,TRUE,FALSE,FALSE,ambas,1,21,-11,-32
c1055_m08555,121.102,2019,2025,85,364,171,173,239,238,69,66,0.1003,0.4294,TRUE,TRUE,FALSE,FALSE,ambas,1,2,-1,-3
c1055_m08565,114.351,2019,2025,123,664,167,165,232,231,66,67,0.1537,0.8295,TRUE,TRUE,FALSE,FALSE,ambas,1,-2,-1,1
c1055_m08575,26.643,2019,2025,16,103,NA,172,NA,229,NA,58,0.0858,0.5523,FALSE,TRUE,FALSE,FALSE,solo_b,2,NA,NA,NA
c1065_m08375,120.985,2019,2025,1,6,NA,NA,NA,NA,NA,NA,0.0012,0.0071,FALSE,FALSE,FALSE,FALSE,ninguna,4,NA,NA,NA
c1065_m08385,118.539,2019,2025,1,14,NA,NA,NA,NA,NA,NA,0.0012,0.0169,FALSE,FALSE,FALSE,FALSE,ninguna,4,NA,NA,NA
c1065_m08395,81.542,2019,2025,0,7,NA,NA,NA,NA,NA,NA,0,0.0123,FALSE,FALSE,FALSE,FALSE,ninguna,4,NA,NA,NA
c1065_m08405,114.804,2019,2025,3,9,NA,NA,NA,NA,NA,NA,0.0037,0.0112,FALSE,FALSE,FALSE,FALSE,ninguna,4,NA,NA,NA
c1065_m08415,120.983,2019,2025,0,10,NA,NA,NA,NA,NA,NA,0,0.0118,FALSE,FALSE,FALSE,FALSE,ninguna,4,NA,NA,NA
c1065_m08425,120.984,2019,2025,0,5,NA,NA,NA,NA,NA,NA,0,0.0059,FALSE,FALSE,FALSE,FALSE,ninguna,4,NA,NA,NA
c1065_m08435,120.985,2019,2025,9,30,NA,209,NA,245,NA,37,0.0106,0.0354,FALSE,TRUE,FALSE,FALSE,solo_b,2,NA,NA,NA
c1065_m08445,120.988,2019,2025,4,42,NA,190,NA,241,NA,52,0.0047,0.0496,FALSE,TRUE,FALSE,FALSE,solo_b,2,NA,NA,NA
c1065_m08455,120.991,2019,2025,3,28,NA,NA,NA,NA,NA,NA,0.0035,0.0331,FALSE,FALSE,FALSE,FALSE,ninguna,4,NA,NA,NA
c1065_m08465,120.995,2019,2025,8,14,NA,NA,NA,NA,NA,NA,0.0094,0.0165,FALSE,FALSE,FALSE,FALSE,ninguna,4,NA,NA,NA
c1065_m08475,121,2019,2025,6,18,NA,NA,NA,NA,NA,NA,0.0071,0.0213,FALSE,FALSE,FALSE,FALSE,ninguna,4,NA,NA,NA
c1065_m08485,121.005,2019,2025,0,16,NA,NA,NA,NA,NA,NA,0,0.0189,FALSE,FALSE,FALSE,FALSE,ninguna,4,NA,NA,NA
c1065_m08495,121.011,2019,2025,3,20,NA,NA,NA,NA,NA,NA,0.0035,0.0236,FALSE,FALSE,FALSE,FALSE,ninguna,4,NA,NA,NA
c1065_m08505,121.018,2019,2025,1,2,NA,NA,NA,NA,NA,NA,0.0012,0.0024,FALSE,FALSE,FALSE,FALSE,ninguna,4,NA,NA,NA
c1065_m08515,121.026,2019,2025,5,18,NA,NA,NA,NA,NA,NA,0.0059,0.0212,FALSE,FALSE,FALSE,FALSE,ninguna,4,NA,NA,NA
c1065_m08525,121.034,2019,2025,7,37,NA,195,NA,252,NA,58,0.0083,0.0437,FALSE,TRUE,FALSE,FALSE,solo_b,2,NA,NA,NA
c1065_m08535,121.043,2019,2025,12,88,NA,196,NA,246,NA,51,0.0142,0.1039,FALSE,TRUE,FALSE,FALSE,solo_b,2,NA,NA,NA
c1065_m08545,121.052,2019,2025,32,303,167,168,235,243,69,76,0.0378,0.3576,TRUE,TRUE,FALSE,FALSE,ambas,1,1,8,7
c1065_m08555,121.063,2019,2025,155,581,120,162,228,227,109,66,0.1829,0.6856,TRUE,TRUE,FALSE,FALSE,ambas,1,42,-1,-43
c1065_m08565,121.074,2019,2025,81,463,173,173,253,236,81,64,0.0956,0.5463,TRUE,TRUE,FALSE,FALSE,ambas,1,0,-17,-17
c1065_m08575,12.513,2019,2025,1,12,NA,NA,NA,NA,NA,NA,0.0114,0.137,FALSE,FALSE,FALSE,FALSE,ninguna,4,NA,NA,NA
c1075_m08365,73.158,2019,2025,0,1,NA,NA,NA,NA,NA,NA,0,0.002,FALSE,FALSE,FALSE,FALSE,ninguna,4,NA,NA,NA
c1075_m08375,59.064,2019,2025,1,5,NA,NA,NA,NA,NA,NA,0.0024,0.0121,FALSE,FALSE,FALSE,FALSE,ninguna,4,NA,NA,NA
c1075_m08385,12.698,2019,2025,0,1,NA,NA,NA,NA,NA,NA,0,0.0113,FALSE,FALSE,FALSE,FALSE,ninguna,4,NA,NA,NA
c1075_m08405,18.148,2019,2025,0,1,NA,NA,NA,NA,NA,NA,0,0.0079,FALSE,FALSE,FALSE,FALSE,ninguna,4,NA,NA,NA
c1075_m08415,24.897,2019,2025,1,13,NA,NA,NA,NA,NA,NA,0.0057,0.0746,FALSE,FALSE,FALSE,FALSE,ninguna,4,NA,NA,NA
c1075_m08425,67.129,2019,2025,0,4,NA,NA,NA,NA,NA,NA,0,0.0085,FALSE,FALSE,FALSE,FALSE,ninguna,4,NA,NA,NA
c1075_m08435,120.946,2019,2025,5,16,NA,NA,NA,NA,NA,NA,0.0059,0.0189,FALSE,FALSE,FALSE,FALSE,ninguna,4,NA,NA,NA
c1075_m08445,120.949,2019,2025,6,43,NA,119,NA,250,NA,132,0.0071,0.0508,FALSE,TRUE,FALSE,FALSE,solo_b,2,NA,NA,NA
c1075_m08455,120.952,2019,2025,9,62,NA,199,NA,255,NA,57,0.0106,0.0732,FALSE,TRUE,FALSE,FALSE,solo_b,2,NA,NA,NA
c1075_m08465,120.956,2019,2025,7,42,NA,167,NA,255,NA,89,0.0083,0.0496,FALSE,TRUE,FALSE,FALSE,solo_b,2,NA,NA,NA
c1075_m08475,120.961,2019,2025,12,68,NA,105,NA,245,NA,141,0.0142,0.0803,FALSE,TRUE,FALSE,FALSE,solo_b,2,NA,NA,NA
c1075_m08485,120.966,2019,2025,5,11,NA,NA,NA,NA,NA,NA,0.0059,0.013,FALSE,FALSE,FALSE,FALSE,ninguna,4,NA,NA,NA
c1075_m08495,120.972,2019,2025,2,36,NA,66,NA,247,NA,182,0.0024,0.0425,FALSE,TRUE,FALSE,FALSE,solo_b,2,NA,NA,NA
c1075_m08505,120.979,2019,2025,2,26,NA,NA,NA,NA,NA,NA,0.0024,0.0307,FALSE,FALSE,FALSE,FALSE,ninguna,4,NA,NA,NA
c1075_m08515,120.986,2019,2025,1,3,NA,NA,NA,NA,NA,NA,0.0012,0.0035,FALSE,FALSE,FALSE,FALSE,ninguna,4,NA,NA,NA
c1075_m08525,120.995,2019,2025,0,4,NA,NA,NA,NA,NA,NA,0,0.0047,FALSE,FALSE,FALSE,FALSE,ninguna,4,NA,NA,NA
c1075_m08535,121.004,2019,2025,1,2,NA,NA,NA,NA,NA,NA,0.0012,0.0024,FALSE,FALSE,FALSE,FALSE,ninguna,4,NA,NA,NA
c1075_m08545,121.013,2019,2025,5,29,NA,NA,NA,NA,NA,NA,0.0059,0.0342,FALSE,FALSE,FALSE,FALSE,ninguna,4,NA,NA,NA
c1075_m08555,121.024,2019,2025,54,148,158,160,233,238,76,79,0.0637,0.1747,TRUE,TRUE,FALSE,FALSE,ambas,1,2,5,3
c1075_m08565,121.035,2019,2025,9,55,NA,148,NA,248,NA,101,0.0106,0.0649,FALSE,TRUE,FALSE,FALSE,solo_b,2,NA,NA,NA
c1085_m08425,10.184,2019,2025,0,4,NA,NA,NA,NA,NA,NA,0,0.0561,FALSE,FALSE,FALSE,FALSE,ninguna,4,NA,NA,NA
c1085_m08435,76.127,2019,2025,3,13,NA,NA,NA,NA,NA,NA,0.0056,0.0244,FALSE,FALSE,FALSE,FALSE,ninguna,4,NA,NA,NA
c1085_m08445,120.909,2019,2025,18,118,NA,180,NA,266,NA,87,0.0213,0.1394,FALSE,TRUE,FALSE,FALSE,solo_b,2,NA,NA,NA
c1085_m08455,120.913,2019,2025,16,88,NA,164,NA,250,NA,87,0.0189,0.104,FALSE,TRUE,FALSE,FALSE,solo_b,2,NA,NA,NA
c1085_m08465,120.917,2019,2025,21,111,NA,180,NA,258,NA,79,0.0248,0.1311,FALSE,TRUE,FALSE,FALSE,solo_b,2,NA,NA,NA
c1085_m08475,120.921,2019,2025,8,25,NA,NA,NA,NA,NA,NA,0.0095,0.0295,FALSE,FALSE,FALSE,FALSE,ninguna,4,NA,NA,NA
c1085_m08485,120.927,2019,2025,5,32,NA,215,NA,270,NA,56,0.0059,0.0378,FALSE,TRUE,FALSE,FALSE,solo_b,2,NA,NA,NA
c1085_m08495,120.002,2019,2025,9,81,NA,159,NA,261,NA,103,0.0107,0.0964,FALSE,TRUE,FALSE,FALSE,solo_b,2,NA,NA,NA
c1085_m08505,120.939,2019,2025,1,29,NA,NA,NA,NA,NA,NA,0.0012,0.0343,FALSE,FALSE,FALSE,FALSE,ninguna,4,NA,NA,NA
c1085_m08515,120.947,2019,2025,1,21,NA,NA,NA,NA,NA,NA,0.0012,0.0248,FALSE,FALSE,FALSE,FALSE,ninguna,4,NA,NA,NA
c1085_m08525,120.955,2019,2025,0,12,NA,NA,NA,NA,NA,NA,0,0.0142,FALSE,FALSE,FALSE,FALSE,ninguna,4,NA,NA,NA
c1085_m08535,120.964,2019,2025,0,7,NA,NA,NA,NA,NA,NA,0,0.0083,FALSE,FALSE,FALSE,FALSE,ninguna,4,NA,NA,NA
c1085_m08545,120.974,2019,2025,0,5,NA,NA,NA,NA,NA,NA,0,0.0059,FALSE,FALSE,FALSE,FALSE,ninguna,4,NA,NA,NA
c1085_m08555,120.984,2019,2025,17,91,NA,155,NA,242,NA,88,0.0201,0.1075,FALSE,TRUE,FALSE,FALSE,solo_b,2,NA,NA,NA
c1085_m08565,120.995,2019,2025,26,99,NA,150,NA,237,NA,88,0.0307,0.1169,FALSE,TRUE,FALSE,FALSE,solo_b,2,NA,NA,NA
c1085_m08575,111.904,2019,2025,36,191,206,199,235,235,30,37,0.046,0.2438,TRUE,TRUE,FALSE,FALSE,ambas,1,-7,0,7
c1085_m08585,99.725,2019,2025,1,0,NA,NA,NA,NA,NA,NA,0.0014,0,FALSE,FALSE,FALSE,FALSE,ninguna,4,NA,NA,NA
c1085_m08595,36.439,2019,2025,2,10,NA,NA,NA,NA,NA,NA,0.0078,0.0392,FALSE,FALSE,FALSE,FALSE,ninguna,4,NA,NA,NA
c1095_m08445,26.282,2019,2025,3,48,NA,213,NA,253,NA,41,0.0163,0.2609,FALSE,TRUE,FALSE,FALSE,solo_b,2,NA,NA,NA
c1095_m08455,62.868,2019,2025,12,43,NA,159,NA,291,NA,133,0.0273,0.0977,FALSE,TRUE,FALSE,FALSE,solo_b,2,NA,NA,NA
c1095_m08465,112.981,2019,2025,31,151,NA,77,NA,263,NA,187,0.0392,0.1909,TRUE,TRUE,TRUE,FALSE,discordante,5,NA,NA,NA
c1095_m08475,120.24,2019,2025,18,79,NA,196,NA,261,NA,66,0.0214,0.0939,FALSE,TRUE,FALSE,FALSE,solo_b,2,NA,NA,NA
c1095_m08485,74.341,2019,2025,10,16,NA,NA,NA,NA,NA,NA,0.0192,0.0307,FALSE,FALSE,FALSE,FALSE,ninguna,4,NA,NA,NA
c1095_m08495,10.78,2019,2025,0,2,NA,NA,NA,NA,NA,NA,0,0.0265,FALSE,FALSE,FALSE,FALSE,ninguna,4,NA,NA,NA
c1095_m08505,33.252,2019,2025,1,9,NA,NA,NA,NA,NA,NA,0.0043,0.0387,FALSE,FALSE,FALSE,FALSE,ninguna,4,NA,NA,NA
c1095_m08515,78.516,2019,2025,0,22,NA,NA,NA,NA,NA,NA,0,0.04,FALSE,FALSE,FALSE,FALSE,ninguna,4,NA,NA,NA
c1095_m08525,116.587,2019,2025,13,139,NA,209,NA,249,NA,41,0.0159,0.1703,FALSE,TRUE,FALSE,FALSE,solo_b,2,NA,NA,NA
c1095_m08535,120.924,2019,2025,22,149,NA,218,NA,242,NA,25,0.026,0.176,FALSE,TRUE,FALSE,FALSE,solo_b,2,NA,NA,NA
c1095_m08545,120.934,2019,2025,6,96,NA,199,NA,255,NA,57,0.0071,0.1134,FALSE,TRUE,FALSE,FALSE,solo_b,2,NA,NA,NA
c1095_m08555,120.944,2019,2025,8,45,NA,201,NA,252,NA,52,0.0094,0.0532,FALSE,TRUE,FALSE,FALSE,solo_b,2,NA,NA,NA
c1095_m08565,120.955,2019,2025,41,173,181,181,239,239,59,59,0.0484,0.2043,TRUE,TRUE,FALSE,FALSE,ambas,1,0,0,0
c1095_m08575,71.503,2019,2025,17,165,NA,201,NA,240,NA,40,0.034,0.3297,FALSE,TRUE,FALSE,FALSE,solo_b,2,NA,NA,NA
c1105_m08465,1.9,2019,2025,1,3,NA,NA,NA,NA,NA,NA,NA,NA,FALSE,FALSE,FALSE,FALSE,ninguna,4,NA,NA,NA
c1105_m08475,20.038,2019,2025,13,28,NA,NA,NA,NA,NA,NA,0.0927,0.1996,FALSE,FALSE,FALSE,FALSE,ninguna,4,NA,NA,NA
c1105_m08525,7.478,2019,2025,1,16,NA,NA,NA,NA,NA,NA,NA,NA,FALSE,FALSE,FALSE,FALSE,ninguna,4,NA,NA,NA
c1105_m08535,58.123,2019,2025,37,217,212,63,243,243,32,181,0.0909,0.5334,TRUE,TRUE,FALSE,FALSE,ambas,1,-149,0,149
c1105_m08545,95.688,2019,2025,60,235,223,199,271,251,49,53,0.0896,0.3508,TRUE,TRUE,FALSE,FALSE,ambas,1,-24,-20,4
c1105_m08555,119.146,2019,2025,51,244,218,203,260,258,43,56,0.0611,0.2926,TRUE,TRUE,FALSE,FALSE,ambas,1,-15,-2,13
c1105_m08565,120.915,2019,2025,74,469,217,218,250,250,34,33,0.0874,0.5541,TRUE,TRUE,FALSE,FALSE,ambas,1,1,0,-1
c1105_m08575,28.116,2019,2025,12,110,NA,220,NA,251,NA,32,0.061,0.5589,FALSE,TRUE,FALSE,FALSE,solo_b,2,NA,NA,NA
c1115_m08555,15.904,2019,2025,10,64,NA,217,NA,255,NA,39,0.0898,0.5749,FALSE,TRUE,FALSE,FALSE,solo_b,2,NA,NA,NA
c1115_m08565,62.989,2019,2025,62,196,223,227,250,249,28,23,0.1406,0.4445,TRUE,TRUE,FALSE,FALSE,ambas,1,4,-1,-5
