celda_id,area_km2,dtot,fuera,ini_dia,fin_dia,lon,df,n50f,dtot_base,anios,frec,dens,frpi,aq,valida,sin_estacion,valida_n50f,valida_base,anio_inicio,anio_fin,base_inicio,base_fin
c0795_m08295,1.02,0,NA,NA,NA,NA,NA,NA,0,0,NA,NA,NA,NA,FALSE,FALSE,FALSE,FALSE,2002,2025,2003,2022
c0805_m08295,17.572,3,0,NA,NA,NA,3,NA,3,3,0.15,0.0085,NA,NA,FALSE,FALSE,FALSE,FALSE,2002,2025,2003,2022
c0815_m08295,24.687,11,0,NA,NA,NA,10,NA,10,5,0.25,0.0203,NA,NA,FALSE,FALSE,FALSE,FALSE,2002,2025,2003,2022
c0815_m08305,8.411,2,0,NA,NA,NA,2,NA,2,2,NA,NA,NA,NA,FALSE,FALSE,FALSE,FALSE,2002,2025,2003,2022
c0825_m08295,2.692,2,0,NA,NA,NA,2,NA,2,2,NA,NA,NA,NA,FALSE,FALSE,FALSE,FALSE,2002,2025,2003,2022
c0825_m08305,34.742,6,0,NA,NA,NA,6,NA,5,4,0.2,0.0072,NA,NA,FALSE,FALSE,FALSE,FALSE,2002,2025,2003,2022
c0825_m08315,28.184,6,0,NA,NA,NA,6,NA,6,4,0.2,0.0106,NA,NA,FALSE,FALSE,FALSE,FALSE,2002,2025,2003,2022
c0835_m08295,19.461,4,0,NA,NA,NA,3,NA,4,2,0.1,0.0103,NA,NA,FALSE,FALSE,FALSE,FALSE,2002,2025,2003,2022
c0835_m08305,98.126,31,0,174,211,38,26,NA,30,12,0.6,0.0153,13.6,0.867,TRUE,FALSE,FALSE,TRUE,2002,2025,2003,2022
c0835_m08315,91.09,34,0,177,211,35,30,NA,33,15,0.75,0.0181,15.1,1,TRUE,FALSE,FALSE,TRUE,2002,2025,2003,2022
c0835_m08335,55.868,8,0,NA,NA,NA,6,NA,8,3,0.15,0.0072,NA,NA,FALSE,FALSE,FALSE,FALSE,2002,2025,2003,2022
c0835_m08345,37.569,12,0,NA,NA,NA,11,NA,12,8,0.4,0.016,NA,NA,FALSE,FALSE,FALSE,FALSE,2002,2025,2003,2022
c0835_m08355,6.4,0,NA,NA,NA,NA,NA,NA,0,0,NA,NA,NA,NA,FALSE,FALSE,FALSE,FALSE,2002,2025,2003,2022
c0835_m08365,1.93,0,NA,NA,NA,NA,NA,NA,0,0,NA,NA,NA,NA,FALSE,FALSE,FALSE,FALSE,2002,2025,2003,2022
c0845_m08285,12.797,3,33.3,NA,NA,NA,3,NA,1,1,0.05,0.0039,NA,NA,FALSE,FALSE,FALSE,FALSE,2002,2025,2003,2022
c0845_m08295,120.763,19,10.5,NA,NA,NA,15,NA,16,10,0.5,0.0066,NA,NA,FALSE,FALSE,FALSE,FALSE,2002,2025,2003,2022
c0845_m08305,121.786,83,0,161,223,63,59,NA,78,18,0.9,0.032,23.2,0.628,TRUE,FALSE,FALSE,TRUE,2002,2025,2003,2022
c0845_m08315,88.33,70,0,166,235,70,60,NA,67,19,0.95,0.0379,22.5,0.478,TRUE,FALSE,FALSE,TRUE,2002,2025,2003,2022
c0845_m08325,0.097,0,NA,NA,NA,NA,NA,NA,0,0,NA,NA,NA,NA,FALSE,FALSE,FALSE,FALSE,2002,2025,2003,2022
c0845_m08335,77.379,15,0,NA,NA,NA,15,NA,15,8,0.4,0.0097,NA,NA,FALSE,FALSE,FALSE,FALSE,2002,2025,2003,2022
c0845_m08345,121.763,12,0,NA,NA,NA,7,NA,12,7,0.35,0.0049,NA,NA,FALSE,FALSE,FALSE,FALSE,2002,2025,2003,2022
c0845_m08355,121.759,0,NA,NA,NA,NA,NA,NA,0,0,0,0,NA,NA,FALSE,FALSE,FALSE,FALSE,2002,2025,2003,2022
c0845_m08365,85.41,0,NA,NA,NA,NA,NA,NA,0,0,0,0,NA,NA,FALSE,FALSE,FALSE,FALSE,2002,2025,2003,2022
c0845_m08375,4.113,0,NA,NA,NA,NA,NA,NA,0,0,NA,NA,NA,NA,FALSE,FALSE,FALSE,FALSE,2002,2025,2003,2022
c0855_m08285,24.082,4,0,NA,NA,NA,3,NA,4,3,0.15,0.0083,NA,NA,FALSE,FALSE,FALSE,FALSE,2002,2025,2003,2022
c0855_m08295,121.763,30,0,161,209,49,27,NA,30,12,0.6,0.0123,9.9,0.767,TRUE,FALSE,FALSE,TRUE,2002,2025,2003,2022
c0855_m08305,121.755,48,0,177,219,43,38,NA,47,14,0.7,0.0193,16.7,0.723,TRUE,FALSE,FALSE,TRUE,2002,2025,2003,2022
c0855_m08315,114.067,16,0,NA,NA,NA,15,NA,16,8,0.4,0.007,NA,NA,FALSE,FALSE,FALSE,FALSE,2002,2025,2003,2022
c0855_m08325,28.965,0,NA,NA,NA,NA,NA,NA,0,0,0,0,NA,NA,FALSE,FALSE,FALSE,FALSE,2002,2025,2003,2022
c0855_m08335,7.337,0,NA,NA,NA,NA,NA,NA,0,0,NA,NA,NA,NA,FALSE,FALSE,FALSE,FALSE,2002,2025,2003,2022
c0855_m08345,63.629,9,0,NA,NA,NA,7,NA,8,5,0.25,0.0063,NA,NA,FALSE,FALSE,FALSE,FALSE,2002,2025,2003,2022
c0855_m08355,121.728,5,0,NA,NA,NA,5,NA,5,4,0.2,0.0021,NA,NA,FALSE,FALSE,FALSE,FALSE,2002,2025,2003,2022
c0855_m08365,121.725,0,NA,NA,NA,NA,NA,NA,0,0,0,0,NA,NA,FALSE,FALSE,FALSE,FALSE,2002,2025,2003,2022
c0855_m08375,83.313,1,0,NA,NA,NA,1,NA,1,1,0.05,6e-4,NA,NA,FALSE,FALSE,FALSE,FALSE,2002,2025,2003,2022
c0865_m08285,0.702,0,NA,NA,NA,NA,NA,NA,0,0,NA,NA,NA,NA,FALSE,FALSE,FALSE,FALSE,2002,2025,2003,2022
c0865_m08295,84.645,4,0,NA,NA,NA,4,NA,3,3,0.15,0.0018,NA,NA,FALSE,FALSE,FALSE,FALSE,2002,2025,2003,2022
c0865_m08305,121.724,7,0,NA,NA,NA,7,NA,7,5,0.25,0.0029,NA,NA,FALSE,FALSE,FALSE,FALSE,2002,2025,2003,2022
c0865_m08315,121.717,5,20,NA,NA,NA,5,NA,3,3,0.15,0.0012,NA,NA,FALSE,FALSE,FALSE,FALSE,2002,2025,2003,2022
c0865_m08325,121.711,3,0,NA,NA,NA,3,NA,3,2,0.1,0.0012,NA,NA,FALSE,FALSE,FALSE,FALSE,2002,2025,2003,2022
c0865_m08335,88.619,1,0,NA,NA,NA,1,NA,1,1,0.05,6e-4,NA,NA,FALSE,FALSE,FALSE,FALSE,2002,2025,2003,2022
c0865_m08345,27.697,0,NA,NA,NA,NA,NA,NA,0,0,0,0,NA,NA,FALSE,FALSE,FALSE,FALSE,2002,2025,2003,2022
c0865_m08355,108.25,9,0,NA,NA,NA,7,NA,9,6,0.3,0.0042,NA,NA,FALSE,FALSE,FALSE,FALSE,2002,2025,2003,2022
c0865_m08365,119.658,7,0,NA,NA,NA,7,NA,7,6,0.3,0.0029,NA,NA,FALSE,FALSE,FALSE,FALSE,2002,2025,2003,2022
c0865_m08375,33.625,5,0,NA,NA,NA,4,NA,5,2,0.1,0.0074,NA,NA,FALSE,FALSE,FALSE,FALSE,2002,2025,2003,2022
c0875_m08295,76.804,8,0,NA,NA,NA,6,NA,7,4,0.2,0.0046,NA,NA,FALSE,FALSE,FALSE,FALSE,2002,2025,2003,2022
c0875_m08305,121.692,2,0,NA,NA,NA,2,NA,2,2,0.1,8e-4,NA,NA,FALSE,FALSE,FALSE,FALSE,2002,2025,2003,2022
c0875_m08315,121.685,15,0,NA,NA,NA,11,NA,14,7,0.35,0.0058,NA,NA,FALSE,FALSE,FALSE,FALSE,2002,2025,2003,2022
c0875_m08325,121.679,0,NA,NA,NA,NA,NA,NA,0,0,0,0,NA,NA,FALSE,FALSE,FALSE,FALSE,2002,2025,2003,2022
c0875_m08335,121.673,30,0,155,209,55,23,NA,30,10,0.5,0.0123,18.1,0.767,TRUE,FALSE,FALSE,TRUE,2002,2025,2003,2022
c0875_m08345,121.669,20,0,NA,NA,NA,18,NA,20,9,0.45,0.0082,NA,NA,FALSE,FALSE,FALSE,FALSE,2002,2025,2003,2022
c0875_m08355,121.665,22,0,NA,NA,NA,18,NA,22,10,0.5,0.009,NA,NA,FALSE,FALSE,FALSE,FALSE,2002,2025,2003,2022
c0875_m08365,99.067,2,0,NA,NA,NA,1,NA,2,1,0.05,0.001,NA,NA,FALSE,FALSE,FALSE,FALSE,2002,2025,2003,2022
c0875_m08375,0.061,0,NA,NA,NA,NA,NA,NA,0,0,NA,NA,NA,NA,FALSE,FALSE,FALSE,FALSE,2002,2025,2003,2022
c0885_m08275,15.671,0,NA,NA,NA,NA,NA,NA,0,0,0,0,NA,NA,FALSE,FALSE,FALSE,FALSE,2002,2025,2003,2022
c0885_m08285,95.489,7,0,NA,NA,NA,5,NA,6,3,0.15,0.0031,NA,NA,FALSE,FALSE,FALSE,FALSE,2002,2025,2003,2022
c0885_m08295,121.046,12,0,NA,NA,NA,10,NA,11,7,0.35,0.0045,NA,NA,FALSE,FALSE,FALSE,FALSE,2002,2025,2003,2022
c0885_m08305,121.66,39,0,165,202,38,26,NA,36,13,0.65,0.0148,10.4,0.806,TRUE,FALSE,FALSE,TRUE,2002,2025,2003,2022
c0885_m08315,121.653,74,0,166,205,40,51,NA,71,16,0.8,0.0292,14,0.831,TRUE,FALSE,FALSE,TRUE,2002,2025,2003,2022
c0885_m08325,121.647,110,0,176,208,33,77,0.286,107,17,0.85,0.044,17.4,0.841,TRUE,FALSE,TRUE,TRUE,2002,2025,2003,2022
c0885_m08335,121.641,113,0,172,216,45,84,0.333,103,18,0.9,0.0423,11.1,0.893,TRUE,FALSE,TRUE,TRUE,2002,2025,2003,2022
c0885_m08345,121.636,131,0,149,210,62,99,0.343,118,19,0.95,0.0485,14.8,0.568,TRUE,FALSE,TRUE,TRUE,2002,2025,2003,2022
c0885_m08355,121.632,94,0,160,212,53,80,NA,89,19,0.95,0.0366,14.7,0.831,TRUE,FALSE,FALSE,TRUE,2002,2025,2003,2022
c0885_m08365,75.522,10,0,NA,NA,NA,10,NA,10,8,0.4,0.0066,NA,NA,FALSE,FALSE,FALSE,FALSE,2002,2025,2003,2022
c0895_m08275,7.062,0,NA,NA,NA,NA,NA,NA,0,0,NA,NA,NA,NA,FALSE,FALSE,FALSE,FALSE,2002,2025,2003,2022
c0895_m08285,79.057,0,NA,NA,NA,NA,NA,NA,0,0,0,0,NA,NA,FALSE,FALSE,FALSE,FALSE,2002,2025,2003,2022
c0895_m08295,121.338,1,0,NA,NA,NA,1,NA,1,1,0.05,4e-4,NA,NA,FALSE,FALSE,FALSE,FALSE,2002,2025,2003,2022
c0895_m08305,121.627,42,0,177,216,40,32,NA,41,16,0.8,0.0169,12.3,0.683,TRUE,FALSE,FALSE,TRUE,2002,2025,2003,2022
c0895_m08315,121.62,130,1.5,150,216,67,93,0.301,124,19,0.95,0.051,16.2,0.581,TRUE,FALSE,TRUE,TRUE,2002,2025,2003,2022
c0895_m08325,121.614,187,1.1,169,218,50,120,0.292,172,19,0.95,0.0707,15.9,0.808,TRUE,FALSE,TRUE,TRUE,2002,2025,2003,2022
c0895_m08335,121.609,162,0,168,219,52,110,0.327,146,19,0.95,0.06,12.9,0.726,TRUE,FALSE,TRUE,TRUE,2002,2025,2003,2022
c0895_m08345,121.604,106,0,172,213,42,73,0.288,100,18,0.9,0.0411,13.3,0.69,TRUE,FALSE,TRUE,TRUE,2002,2025,2003,2022
c0895_m08355,121.6,46,10.9,145,260,116,45,NA,39,13,0.65,0.016,11.8,0.667,TRUE,FALSE,FALSE,TRUE,2002,2025,2003,2022
c0895_m08365,103.157,34,0,165,221,57,28,NA,31,12,0.6,0.015,18.2,0.774,TRUE,FALSE,FALSE,TRUE,2002,2025,2003,2022
c0895_m08375,0.035,0,NA,NA,NA,NA,NA,NA,0,0,NA,NA,NA,NA,FALSE,FALSE,FALSE,FALSE,2002,2025,2003,2022
c0905_m08295,42.415,0,NA,NA,NA,NA,NA,NA,0,0,0,0,NA,NA,FALSE,FALSE,FALSE,FALSE,2002,2025,2003,2022
c0905_m08305,121.594,1,0,NA,NA,NA,1,NA,1,1,0.05,4e-4,NA,NA,FALSE,FALSE,FALSE,FALSE,2002,2025,2003,2022
c0905_m08315,121.587,33,0,169,210,42,26,NA,31,13,0.65,0.0127,14.7,0.71,TRUE,FALSE,FALSE,TRUE,2002,2025,2003,2022
c0905_m08325,121.581,204,0,168,205,38,129,0.302,191,20,1,0.0785,15.8,0.702,TRUE,FALSE,TRUE,TRUE,2002,2025,2003,2022
c0905_m08335,121.576,178,0,146,208,63,124,0.306,169,20,1,0.0695,13.8,0.627,TRUE,FALSE,TRUE,TRUE,2002,2025,2003,2022
c0905_m08345,121.571,130,0,159,216,58,91,0.308,123,18,0.9,0.0506,18.1,0.618,TRUE,FALSE,TRUE,TRUE,2002,2025,2003,2022
c0905_m08355,121.567,98,1,184,226,43,76,NA,87,19,0.95,0.0358,13.1,0.69,TRUE,FALSE,FALSE,TRUE,2002,2025,2003,2022
c0905_m08365,121.564,6,0,NA,NA,NA,4,NA,6,2,0.1,0.0025,NA,NA,FALSE,FALSE,FALSE,FALSE,2002,2025,2003,2022
c0905_m08375,47.948,1,0,NA,NA,NA,1,NA,1,1,0.05,0.001,NA,NA,FALSE,FALSE,FALSE,FALSE,2002,2025,2003,2022
c0915_m08295,15.66,0,NA,NA,NA,NA,NA,NA,0,0,0,0,NA,NA,FALSE,FALSE,FALSE,FALSE,2002,2025,2003,2022
c0915_m08305,121.561,0,NA,NA,NA,NA,NA,NA,0,0,0,0,NA,NA,FALSE,FALSE,FALSE,FALSE,2002,2025,2003,2022
c0915_m08315,121.554,43,0,153,208,56,20,NA,36,10,0.5,0.0148,17.8,0.5,TRUE,FALSE,FALSE,TRUE,2002,2025,2003,2022
c0915_m08325,121.548,257,0,163,206,44,136,0.25,226,18,0.9,0.093,17.6,0.624,TRUE,FALSE,TRUE,TRUE,2002,2025,2003,2022
c0915_m08335,121.542,174,1.7,129,202,74,110,0.282,159,20,1,0.0654,14.3,0.616,TRUE,FALSE,TRUE,TRUE,2002,2025,2003,2022
c0915_m08345,121.538,210,5.7,113,199,87,140,0.321,189,19,0.95,0.0778,13.4,0.381,TRUE,FALSE,TRUE,TRUE,2002,2025,2003,2022
c0915_m08355,121.534,144,5.6,109,211,103,100,0.31,105,20,1,0.0432,14.4,0.371,TRUE,FALSE,TRUE,TRUE,2002,2025,2003,2022
c0915_m08365,121.53,32,0,191,225,35,23,NA,26,10,0.5,0.0107,NA,NA,TRUE,FALSE,FALSE,FALSE,2002,2025,2003,2022
c0915_m08375,121.119,7,0,NA,NA,NA,7,NA,6,5,0.25,0.0025,NA,NA,FALSE,FALSE,FALSE,FALSE,2002,2025,2003,2022
c0915_m08385,60.5,1,0,NA,NA,NA,1,NA,1,1,0.05,8e-4,NA,NA,FALSE,FALSE,FALSE,FALSE,2002,2025,2003,2022
c0915_m08395,0.694,0,NA,NA,NA,NA,NA,NA,0,0,NA,NA,NA,NA,FALSE,FALSE,FALSE,FALSE,2002,2025,2003,2022
c0925_m08295,12.81,0,NA,NA,NA,NA,NA,NA,0,0,0,0,NA,NA,FALSE,FALSE,FALSE,FALSE,2002,2025,2003,2022
c0925_m08305,121.527,0,NA,NA,NA,NA,NA,NA,0,0,0,0,NA,NA,FALSE,FALSE,FALSE,FALSE,2002,2025,2003,2022
c0925_m08315,121.52,0,NA,NA,NA,NA,NA,NA,0,0,0,0,NA,NA,FALSE,FALSE,FALSE,FALSE,2002,2025,2003,2022
c0925_m08325,121.514,34,0,181,219,39,17,NA,29,6,0.3,0.0119,NA,NA,TRUE,FALSE,FALSE,FALSE,2002,2025,2003,2022
c0925_m08335,121.509,245,0.4,156,208,53,72,0.125,234,16,0.8,0.0963,31.3,0.5,TRUE,FALSE,TRUE,TRUE,2002,2025,2003,2022
c0925_m08345,121.504,4,25,NA,NA,NA,4,NA,3,3,0.15,0.0012,NA,NA,FALSE,FALSE,FALSE,FALSE,2002,2025,2003,2022
c0925_m08355,121.5,27,7.4,NA,NA,NA,19,NA,24,8,0.4,0.0099,NA,NA,FALSE,FALSE,FALSE,FALSE,2002,2025,2003,2022
c0925_m08365,121.497,54,1.9,130,212,83,47,NA,52,18,0.9,0.0214,10.4,0.288,TRUE,FALSE,FALSE,TRUE,2002,2025,2003,2022
c0925_m08375,121.494,36,0,159,210,52,29,NA,32,15,0.75,0.0132,15.1,0.531,TRUE,FALSE,FALSE,TRUE,2002,2025,2003,2022
c0925_m08385,121.492,0,NA,NA,NA,NA,NA,NA,0,0,0,0,NA,NA,FALSE,FALSE,FALSE,FALSE,2002,2025,2003,2022
c0925_m08395,86.537,10,0,NA,NA,NA,9,NA,9,6,0.3,0.0052,NA,NA,FALSE,FALSE,FALSE,FALSE,2002,2025,2003,2022
c0925_m08405,19.176,0,NA,NA,NA,NA,NA,NA,0,0,0,0,NA,NA,FALSE,FALSE,FALSE,FALSE,2002,2025,2003,2022
c0935_m08295,9.964,0,NA,NA,NA,NA,NA,NA,0,0,NA,NA,NA,NA,FALSE,FALSE,FALSE,FALSE,2002,2025,2003,2022
c0935_m08305,121.493,0,NA,NA,NA,NA,NA,NA,0,0,0,0,NA,NA,FALSE,FALSE,FALSE,FALSE,2002,2025,2003,2022
c0935_m08315,121.486,0,NA,NA,NA,NA,NA,NA,0,0,0,0,NA,NA,FALSE,FALSE,FALSE,FALSE,2002,2025,2003,2022
c0935_m08325,121.48,0,NA,NA,NA,NA,NA,NA,0,0,0,0,NA,NA,FALSE,FALSE,FALSE,FALSE,2002,2025,2003,2022
c0935_m08335,121.475,8,0,NA,NA,NA,1,NA,8,1,0.05,0.0033,NA,NA,FALSE,FALSE,FALSE,FALSE,2002,2025,2003,2022
c0935_m08345,121.47,0,NA,NA,NA,NA,NA,NA,0,0,0,0,NA,NA,FALSE,FALSE,FALSE,FALSE,2002,2025,2003,2022
c0935_m08355,121.466,2,0,NA,NA,NA,2,NA,2,2,0.1,8e-4,NA,NA,FALSE,FALSE,FALSE,FALSE,2002,2025,2003,2022
c0935_m08365,121.463,3,0,NA,NA,NA,3,NA,3,3,0.15,0.0012,NA,NA,FALSE,FALSE,FALSE,FALSE,2002,2025,2003,2022
c0935_m08375,121.46,7,0,NA,NA,NA,7,NA,6,5,0.25,0.0025,NA,NA,FALSE,FALSE,FALSE,FALSE,2002,2025,2003,2022
c0935_m08385,121.458,3,0,NA,NA,NA,2,NA,3,2,0.1,0.0012,NA,NA,FALSE,FALSE,FALSE,FALSE,2002,2025,2003,2022
c0935_m08395,121.457,6,0,NA,NA,NA,3,NA,6,3,0.15,0.0025,NA,NA,FALSE,FALSE,FALSE,FALSE,2002,2025,2003,2022
c0935_m08405,121.33,27,0,NA,NA,NA,21,NA,26,8,0.4,0.0107,NA,NA,FALSE,FALSE,FALSE,FALSE,2002,2025,2003,2022
c0935_m08415,95.584,30,0,174,223,50,27,NA,29,14,0.7,0.0152,NA,NA,TRUE,FALSE,FALSE,FALSE,2002,2025,2003,2022
c0935_m08425,14.414,0,NA,NA,NA,NA,NA,NA,0,0,0,0,NA,NA,FALSE,FALSE,FALSE,FALSE,2002,2025,2003,2022
c0945_m08265,30.946,0,NA,NA,NA,NA,NA,NA,0,0,0,0,NA,NA,FALSE,FALSE,FALSE,FALSE,2002,2025,2003,2022
c0945_m08275,24.274,0,NA,NA,NA,NA,NA,NA,0,0,0,0,NA,NA,FALSE,FALSE,FALSE,FALSE,2002,2025,2003,2022
c0945_m08285,1.155,0,NA,NA,NA,NA,NA,NA,0,0,NA,NA,NA,NA,FALSE,FALSE,FALSE,FALSE,2002,2025,2003,2022
c0945_m08295,74.774,17,0,NA,NA,NA,12,NA,15,9,0.45,0.01,NA,NA,FALSE,FALSE,FALSE,FALSE,2002,2025,2003,2022
c0945_m08305,121.459,9,0,NA,NA,NA,7,NA,8,5,0.25,0.0033,NA,NA,FALSE,FALSE,FALSE,FALSE,2002,2025,2003,2022
c0945_m08315,121.452,2,0,NA,NA,NA,1,NA,2,1,0.05,8e-4,NA,NA,FALSE,FALSE,FALSE,FALSE,2002,2025,2003,2022
c0945_m08325,121.446,0,NA,NA,NA,NA,NA,NA,0,0,0,0,NA,NA,FALSE,FALSE,FALSE,FALSE,2002,2025,2003,2022
c0945_m08335,121.44,10,0,NA,NA,NA,6,NA,3,3,0.15,0.0012,NA,NA,FALSE,FALSE,FALSE,FALSE,2002,2025,2003,2022
c0945_m08345,121.436,2,0,NA,NA,NA,2,NA,0,0,0,0,NA,NA,FALSE,FALSE,FALSE,FALSE,2002,2025,2003,2022
c0945_m08355,121.432,0,NA,NA,NA,NA,NA,NA,0,0,0,0,NA,NA,FALSE,FALSE,FALSE,FALSE,2002,2025,2003,2022
c0945_m08365,121.428,2,50,NA,NA,NA,2,NA,1,1,0.05,4e-4,NA,NA,FALSE,FALSE,FALSE,FALSE,2002,2025,2003,2022
c0945_m08375,121.426,7,0,NA,NA,NA,5,NA,7,5,0.25,0.0029,NA,NA,FALSE,FALSE,FALSE,FALSE,2002,2025,2003,2022
c0945_m08385,121.424,2,0,NA,NA,NA,2,NA,2,2,0.1,8e-4,NA,NA,FALSE,FALSE,FALSE,FALSE,2002,2025,2003,2022
c0945_m08395,121.423,0,NA,NA,NA,NA,NA,NA,0,0,0,0,NA,NA,FALSE,FALSE,FALSE,FALSE,2002,2025,2003,2022
c0945_m08405,121.423,0,NA,NA,NA,NA,NA,NA,0,0,0,0,NA,NA,FALSE,FALSE,FALSE,FALSE,2002,2025,2003,2022
c0945_m08415,121.423,10,0,NA,NA,NA,8,NA,10,5,0.25,0.0041,NA,NA,FALSE,FALSE,FALSE,FALSE,2002,2025,2003,2022
c0945_m08425,114.46,37,0,161,224,64,31,NA,37,14,0.7,0.0162,10.5,0.351,TRUE,FALSE,FALSE,TRUE,2002,2025,2003,2022
c0945_m08435,79.7,42,0,149,269,121,37,NA,37,16,0.8,0.0232,13.2,0.486,TRUE,FALSE,FALSE,TRUE,2002,2025,2003,2022
c0945_m08445,50.605,39,0,115,232,118,29,NA,39,9,0.45,0.0385,12.2,0.436,TRUE,FALSE,FALSE,TRUE,2002,2025,2003,2022
c0945_m08455,31.136,7,0,NA,NA,NA,6,NA,7,5,0.25,0.0112,NA,NA,FALSE,FALSE,FALSE,FALSE,2002,2025,2003,2022
c0945_m08465,1.863,1,0,NA,NA,NA,1,NA,1,1,NA,NA,NA,NA,FALSE,FALSE,FALSE,FALSE,2002,2025,2003,2022
c0955_m08265,56.007,1,100,NA,NA,NA,1,NA,1,1,0.05,9e-4,NA,NA,FALSE,FALSE,FALSE,FALSE,2002,2025,2003,2022
c0955_m08275,103.432,2,50,NA,NA,NA,2,NA,1,1,0.05,5e-4,NA,NA,FALSE,FALSE,FALSE,FALSE,2002,2025,2003,2022
c0955_m08285,61.613,2,50,NA,NA,NA,2,NA,2,2,0.1,0.0016,NA,NA,FALSE,FALSE,FALSE,FALSE,2002,2025,2003,2022
c0955_m08295,103.372,7,14.3,NA,NA,NA,5,NA,6,4,0.2,0.0029,NA,NA,FALSE,FALSE,FALSE,FALSE,2002,2025,2003,2022
c0955_m08305,121.424,5,0,NA,NA,NA,4,NA,5,4,0.2,0.0021,NA,NA,FALSE,FALSE,FALSE,FALSE,2002,2025,2003,2022
c0955_m08315,121.417,3,0,NA,NA,NA,3,NA,1,1,0.05,4e-4,NA,NA,FALSE,FALSE,FALSE,FALSE,2002,2025,2003,2022
c0955_m08325,121.411,2,0,NA,NA,NA,2,NA,2,2,0.1,8e-4,NA,NA,FALSE,FALSE,FALSE,FALSE,2002,2025,2003,2022
c0955_m08335,121.406,9,0,NA,NA,NA,6,NA,5,4,0.2,0.0021,NA,NA,FALSE,FALSE,FALSE,FALSE,2002,2025,2003,2022
c0955_m08345,121.401,0,NA,NA,NA,NA,NA,NA,0,0,0,0,NA,NA,FALSE,FALSE,FALSE,FALSE,2002,2025,2003,2022
c0955_m08355,121.397,3,0,NA,NA,NA,3,NA,2,2,0.1,8e-4,NA,NA,FALSE,FALSE,FALSE,FALSE,2002,2025,2003,2022
c0955_m08365,121.394,0,NA,NA,NA,NA,NA,NA,0,0,0,0,NA,NA,FALSE,FALSE,FALSE,FALSE,2002,2025,2003,2022
c0955_m08375,121.391,1,0,NA,NA,NA,1,NA,1,1,0.05,4e-4,NA,NA,FALSE,FALSE,FALSE,FALSE,2002,2025,2003,2022
c0955_m08385,121.389,1,0,NA,NA,NA,1,NA,1,1,0.05,4e-4,NA,NA,FALSE,FALSE,FALSE,FALSE,2002,2025,2003,2022
c0955_m08395,121.388,2,50,NA,NA,NA,2,NA,1,1,0.05,4e-4,NA,NA,FALSE,FALSE,FALSE,FALSE,2002,2025,2003,2022
c0955_m08405,121.388,4,0,NA,NA,NA,3,NA,2,2,0.1,8e-4,NA,NA,FALSE,FALSE,FALSE,FALSE,2002,2025,2003,2022
c0955_m08415,121.388,11,9.1,NA,NA,NA,9,NA,7,4,0.2,0.0029,NA,NA,FALSE,FALSE,FALSE,FALSE,2002,2025,2003,2022
c0955_m08425,121.389,5,0,NA,NA,NA,5,NA,5,5,0.25,0.0021,NA,NA,FALSE,FALSE,FALSE,FALSE,2002,2025,2003,2022
c0955_m08435,121.391,82,0,137,218,82,57,NA,79,16,0.8,0.0325,15.1,0.456,TRUE,FALSE,FALSE,TRUE,2002,2025,2003,2022
c0955_m08445,121.394,48,0,182,225,44,35,NA,41,16,0.8,0.0169,12.6,0.659,TRUE,FALSE,FALSE,TRUE,2002,2025,2003,2022
c0955_m08455,121.397,27,0,NA,NA,NA,23,NA,24,13,0.65,0.0099,NA,NA,FALSE,FALSE,FALSE,FALSE,2002,2025,2003,2022
c0955_m08465,87.624,28,0,NA,NA,NA,26,NA,24,11,0.55,0.0137,NA,NA,FALSE,FALSE,FALSE,FALSE,2002,2025,2003,2022
c0955_m08475,2.401,0,NA,NA,NA,NA,NA,NA,0,0,NA,NA,NA,NA,FALSE,FALSE,FALSE,FALSE,2002,2025,2003,2022
c0955_m08515,63.085,0,NA,NA,NA,NA,NA,NA,0,0,0,0,NA,NA,FALSE,FALSE,FALSE,FALSE,2002,2025,2003,2022
c0955_m08525,4.629,0,NA,NA,NA,NA,NA,NA,0,0,NA,NA,NA,NA,FALSE,FALSE,FALSE,FALSE,2002,2025,2003,2022
c0965_m08275,1.099,0,NA,NA,NA,NA,NA,NA,0,0,NA,NA,NA,NA,FALSE,FALSE,FALSE,FALSE,2002,2025,2003,2022
c0965_m08285,57.307,1,0,NA,NA,NA,1,NA,1,1,0.05,9e-4,NA,NA,FALSE,FALSE,FALSE,FALSE,2002,2025,2003,2022
c0965_m08295,120.969,5,40,NA,NA,NA,3,NA,5,3,0.15,0.0021,NA,NA,FALSE,FALSE,FALSE,FALSE,2002,2025,2003,2022
c0965_m08305,121.389,6,16.7,NA,NA,NA,6,NA,6,3,0.15,0.0025,NA,NA,FALSE,FALSE,FALSE,FALSE,2002,2025,2003,2022
c0965_m08315,121.382,17,0,NA,NA,NA,14,NA,11,8,0.4,0.0045,NA,NA,FALSE,FALSE,FALSE,FALSE,2002,2025,2003,2022
c0965_m08325,121.376,1,0,NA,NA,NA,1,NA,1,1,0.05,4e-4,NA,NA,FALSE,FALSE,FALSE,FALSE,2002,2025,2003,2022
c0965_m08335,121.371,2,0,NA,NA,NA,1,NA,2,1,0.05,8e-4,NA,NA,FALSE,FALSE,FALSE,FALSE,2002,2025,2003,2022
c0965_m08345,121.366,2,0,NA,NA,NA,2,NA,1,1,0.05,4e-4,NA,NA,FALSE,FALSE,FALSE,FALSE,2002,2025,2003,2022
c0965_m08355,121.362,0,NA,NA,NA,NA,NA,NA,0,0,0,0,NA,NA,FALSE,FALSE,FALSE,FALSE,2002,2025,2003,2022
c0965_m08365,121.359,0,NA,NA,NA,NA,NA,NA,0,0,0,0,NA,NA,FALSE,FALSE,FALSE,FALSE,2002,2025,2003,2022
c0965_m08375,121.356,0,NA,NA,NA,NA,NA,NA,0,0,0,0,NA,NA,FALSE,FALSE,FALSE,FALSE,2002,2025,2003,2022
c0965_m08385,121.354,0,NA,NA,NA,NA,NA,NA,0,0,0,0,NA,NA,FALSE,FALSE,FALSE,FALSE,2002,2025,2003,2022
c0965_m08395,121.353,6,0,NA,NA,NA,5,NA,6,2,0.1,0.0025,NA,NA,FALSE,FALSE,FALSE,FALSE,2002,2025,2003,2022
c0965_m08405,121.353,7,28.6,NA,NA,NA,5,NA,6,4,0.2,0.0025,NA,NA,FALSE,FALSE,FALSE,FALSE,2002,2025,2003,2022
c0965_m08415,121.353,8,0,NA,NA,NA,6,NA,8,6,0.3,0.0033,NA,NA,FALSE,FALSE,FALSE,FALSE,2002,2025,2003,2022
c0965_m08425,121.354,17,0,NA,NA,NA,7,NA,16,5,0.25,0.0066,NA,NA,FALSE,FALSE,FALSE,FALSE,2002,2025,2003,2022
c0965_m08435,121.356,33,0,176,218,43,28,NA,31,13,0.65,0.0128,14.3,0.387,TRUE,FALSE,FALSE,TRUE,2002,2025,2003,2022
c0965_m08445,121.359,20,0,NA,NA,NA,16,NA,16,8,0.4,0.0066,NA,NA,FALSE,FALSE,FALSE,FALSE,2002,2025,2003,2022
c0965_m08455,121.362,27,0,NA,NA,NA,19,NA,25,11,0.55,0.0103,NA,NA,FALSE,FALSE,FALSE,FALSE,2002,2025,2003,2022
c0965_m08465,118.009,16,0,NA,NA,NA,14,NA,15,8,0.4,0.0064,NA,NA,FALSE,FALSE,FALSE,FALSE,2002,2025,2003,2022
c0965_m08475,17.419,0,NA,NA,NA,NA,NA,NA,0,0,0,0,NA,NA,FALSE,FALSE,FALSE,FALSE,2002,2025,2003,2022
c0965_m08505,42.772,8,0,NA,NA,NA,6,NA,6,4,0.2,0.007,NA,NA,FALSE,FALSE,FALSE,FALSE,2002,2025,2003,2022
c0965_m08515,118.892,26,0,NA,NA,NA,17,NA,25,10,0.5,0.0105,NA,NA,FALSE,FALSE,FALSE,FALSE,2002,2025,2003,2022
c0965_m08525,75.348,17,0,NA,NA,NA,10,NA,16,7,0.35,0.0106,NA,NA,FALSE,FALSE,FALSE,FALSE,2002,2025,2003,2022
c0965_m08535,0.014,0,NA,NA,NA,NA,NA,NA,0,0,NA,NA,NA,NA,FALSE,FALSE,FALSE,FALSE,2002,2025,2003,2022
c0975_m08295,62.597,2,50,NA,NA,NA,2,NA,2,2,0.1,0.0016,NA,NA,FALSE,FALSE,FALSE,FALSE,2002,2025,2003,2022
c0975_m08305,121.353,1,0,NA,NA,NA,1,NA,1,1,0.05,4e-4,NA,NA,FALSE,FALSE,FALSE,FALSE,2002,2025,2003,2022
c0975_m08315,121.347,0,NA,NA,NA,NA,NA,NA,0,0,0,0,NA,NA,FALSE,FALSE,FALSE,FALSE,2002,2025,2003,2022
c0975_m08325,121.34,0,NA,NA,NA,NA,NA,NA,0,0,0,0,NA,NA,FALSE,FALSE,FALSE,FALSE,2002,2025,2003,2022
c0975_m08335,121.335,1,0,NA,NA,NA,1,NA,1,1,0.05,4e-4,NA,NA,FALSE,FALSE,FALSE,FALSE,2002,2025,2003,2022
c0975_m08345,121.33,7,0,NA,NA,NA,6,NA,7,4,0.2,0.0029,NA,NA,FALSE,FALSE,FALSE,FALSE,2002,2025,2003,2022
c0975_m08355,121.326,0,NA,NA,NA,NA,NA,NA,0,0,0,0,NA,NA,FALSE,FALSE,FALSE,FALSE,2002,2025,2003,2022
c0975_m08365,121.323,3,33.3,NA,NA,NA,3,NA,2,2,0.1,8e-4,NA,NA,FALSE,FALSE,FALSE,FALSE,2002,2025,2003,2022
c0975_m08375,121.321,15,13.3,NA,NA,NA,14,NA,13,9,0.45,0.0054,NA,NA,FALSE,FALSE,FALSE,FALSE,2002,2025,2003,2022
c0975_m08385,121.319,2,50,NA,NA,NA,2,NA,2,2,0.1,8e-4,NA,NA,FALSE,FALSE,FALSE,FALSE,2002,2025,2003,2022
c0975_m08395,121.318,4,0,NA,NA,NA,4,NA,3,2,0.1,0.0012,NA,NA,FALSE,FALSE,FALSE,FALSE,2002,2025,2003,2022
c0975_m08405,121.317,3,0,NA,NA,NA,2,NA,3,2,0.1,0.0012,NA,NA,FALSE,FALSE,FALSE,FALSE,2002,2025,2003,2022
c0975_m08415,121.318,25,0,NA,NA,NA,17,NA,22,10,0.5,0.0091,NA,NA,FALSE,FALSE,FALSE,FALSE,2002,2025,2003,2022
c0975_m08425,121.319,8,0,NA,NA,NA,5,NA,8,5,0.25,0.0033,NA,NA,FALSE,FALSE,FALSE,FALSE,2002,2025,2003,2022
c0975_m08435,121.321,24,8.3,NA,NA,NA,21,NA,22,14,0.7,0.0091,NA,NA,FALSE,FALSE,FALSE,FALSE,2002,2025,2003,2022
c0975_m08445,121.323,17,0,NA,NA,NA,13,NA,14,7,0.35,0.0058,NA,NA,FALSE,FALSE,FALSE,FALSE,2002,2025,2003,2022
c0975_m08455,121.326,0,NA,NA,NA,NA,NA,NA,0,0,0,0,NA,NA,FALSE,FALSE,FALSE,FALSE,2002,2025,2003,2022
c0975_m08465,113.197,107,1.9,108,220,113,87,0.391,99,18,0.9,0.0437,9.1,0.384,TRUE,FALSE,TRUE,TRUE,2002,2025,2003,2022
c0975_m08475,10.544,18,0,NA,NA,NA,15,NA,16,10,0.5,0.0759,NA,NA,FALSE,FALSE,FALSE,FALSE,2002,2025,2003,2022
c0975_m08495,45.554,3,0,NA,NA,NA,3,NA,3,3,0.15,0.0033,NA,NA,FALSE,FALSE,FALSE,FALSE,2002,2025,2003,2022
c0975_m08505,120.94,33,0,196,226,31,23,NA,31,10,0.5,0.0128,16.2,0.516,TRUE,FALSE,FALSE,TRUE,2002,2025,2003,2022
c0975_m08515,121.361,22,0,NA,NA,NA,16,NA,17,8,0.4,0.007,NA,NA,FALSE,FALSE,FALSE,FALSE,2002,2025,2003,2022
c0975_m08525,121.369,93,3.2,199,257,59,60,NA,77,15,0.75,0.0317,16.2,0.584,TRUE,FALSE,FALSE,TRUE,2002,2025,2003,2022
c0975_m08535,62.541,13,0,NA,NA,NA,9,NA,12,6,0.3,0.0096,NA,NA,FALSE,FALSE,FALSE,FALSE,2002,2025,2003,2022
c0975_m08545,3.62,0,NA,NA,NA,NA,NA,NA,0,0,NA,NA,NA,NA,FALSE,FALSE,FALSE,FALSE,2002,2025,2003,2022
c0975_m08555,0.016,0,NA,NA,NA,NA,NA,NA,0,0,NA,NA,NA,NA,FALSE,FALSE,FALSE,FALSE,2002,2025,2003,2022
c0985_m08295,1.085,0,NA,NA,NA,NA,NA,NA,0,0,NA,NA,NA,NA,FALSE,FALSE,FALSE,FALSE,2002,2025,2003,2022
c0985_m08305,87.474,3,33.3,NA,NA,NA,3,NA,0,0,0,0,NA,NA,FALSE,FALSE,FALSE,FALSE,2002,2025,2003,2022
c0985_m08315,121.311,2,0,NA,NA,NA,1,NA,2,1,0.05,8e-4,NA,NA,FALSE,FALSE,FALSE,FALSE,2002,2025,2003,2022
c0985_m08325,121.305,0,NA,NA,NA,NA,NA,NA,0,0,0,0,NA,NA,FALSE,FALSE,FALSE,FALSE,2002,2025,2003,2022
c0985_m08335,121.299,0,NA,NA,NA,NA,NA,NA,0,0,0,0,NA,NA,FALSE,FALSE,FALSE,FALSE,2002,2025,2003,2022
c0985_m08345,121.295,0,NA,NA,NA,NA,NA,NA,0,0,0,0,NA,NA,FALSE,FALSE,FALSE,FALSE,2002,2025,2003,2022
c0985_m08355,121.291,3,0,NA,NA,NA,2,NA,3,2,0.1,0.0012,NA,NA,FALSE,FALSE,FALSE,FALSE,2002,2025,2003,2022
c0985_m08365,121.287,7,0,NA,NA,NA,6,NA,7,4,0.2,0.0029,NA,NA,FALSE,FALSE,FALSE,FALSE,2002,2025,2003,2022
c0985_m08375,121.285,31,9.7,171,260,90,27,NA,24,11,0.55,0.0099,NA,NA,TRUE,FALSE,FALSE,FALSE,2002,2025,2003,2022
c0985_m08385,121.283,14,7.1,NA,NA,NA,9,NA,12,7,0.35,0.0049,NA,NA,FALSE,FALSE,FALSE,FALSE,2002,2025,2003,2022
c0985_m08395,121.282,1,0,NA,NA,NA,1,NA,1,1,0.05,4e-4,NA,NA,FALSE,FALSE,FALSE,FALSE,2002,2025,2003,2022
c0985_m08405,121.282,5,0,NA,NA,NA,4,NA,3,3,0.15,0.0012,NA,NA,FALSE,FALSE,FALSE,FALSE,2002,2025,2003,2022
c0985_m08415,121.282,1,0,NA,NA,NA,1,NA,0,0,0,0,NA,NA,FALSE,FALSE,FALSE,FALSE,2002,2025,2003,2022
c0985_m08425,121.283,12,0,NA,NA,NA,9,NA,12,6,0.3,0.0049,NA,NA,FALSE,FALSE,FALSE,FALSE,2002,2025,2003,2022
c0985_m08435,121.285,33,0,148,206,59,23,NA,31,12,0.6,0.0128,12.6,0.613,TRUE,FALSE,FALSE,TRUE,2002,2025,2003,2022
c0985_m08445,121.287,55,0,153,220,68,40,NA,54,15,0.75,0.0223,13.4,0.593,TRUE,FALSE,FALSE,TRUE,2002,2025,2003,2022
c0985_m08455,121.291,183,0,163,218,56,87,0.195,169,19,0.95,0.0697,13.2,0.55,TRUE,FALSE,TRUE,TRUE,2002,2025,2003,2022
c0985_m08465,121.295,189,0.5,155,229,75,112,0.277,169,20,1,0.0697,15.9,0.604,TRUE,FALSE,TRUE,TRUE,2002,2025,2003,2022
c0985_m08475,81.316,165,0,156,227,72,114,0.289,154,19,0.95,0.0947,12.7,0.604,TRUE,FALSE,TRUE,TRUE,2002,2025,2003,2022
c0985_m08495,29.345,32,0,207,235,29,21,NA,26,8,0.4,0.0443,NA,NA,TRUE,FALSE,FALSE,FALSE,2002,2025,2003,2022
c0985_m08505,112.239,98,3.1,123,233,111,61,NA,90,18,0.9,0.0401,14.9,0.544,TRUE,FALSE,FALSE,TRUE,2002,2025,2003,2022
c0985_m08515,121.325,39,0,183,240,58,24,NA,27,13,0.65,0.0111,NA,NA,TRUE,FALSE,FALSE,FALSE,2002,2025,2003,2022
c0985_m08525,121.334,85,2.4,185,241,57,42,NA,73,15,0.75,0.0301,18.6,0.479,TRUE,FALSE,FALSE,TRUE,2002,2025,2003,2022
c0985_m08535,121.343,27,3.7,NA,NA,NA,20,NA,21,10,0.5,0.0087,NA,NA,FALSE,FALSE,FALSE,FALSE,2002,2025,2003,2022
c0985_m08545,117.725,15,0,NA,NA,NA,10,NA,11,7,0.35,0.0047,NA,NA,FALSE,FALSE,FALSE,FALSE,2002,2025,2003,2022
c0985_m08555,100.73,54,0,205,239,35,36,NA,46,13,0.65,0.0228,17.1,0.391,TRUE,FALSE,FALSE,TRUE,2002,2025,2003,2022
c0985_m08565,72.774,58,0,165,240,76,38,NA,56,15,0.75,0.0385,23.4,0.446,TRUE,FALSE,FALSE,TRUE,2002,2025,2003,2022
c0985_m08575,8.844,1,0,NA,NA,NA,1,NA,1,1,NA,NA,NA,NA,FALSE,FALSE,FALSE,FALSE,2002,2025,2003,2022
c0995_m08305,16.513,0,NA,NA,NA,NA,NA,NA,0,0,0,0,NA,NA,FALSE,FALSE,FALSE,FALSE,2002,2025,2003,2022
c0995_m08315,83.514,1,0,NA,NA,NA,1,NA,1,1,0.05,6e-4,NA,NA,FALSE,FALSE,FALSE,FALSE,2002,2025,2003,2022
c0995_m08325,121.268,2,100,NA,NA,NA,2,NA,2,2,0.1,8e-4,NA,NA,FALSE,FALSE,FALSE,FALSE,2002,2025,2003,2022
c0995_m08335,121.263,5,20,NA,NA,NA,4,NA,1,1,0.05,4e-4,NA,NA,FALSE,FALSE,FALSE,FALSE,2002,2025,2003,2022
c0995_m08345,121.258,0,NA,NA,NA,NA,NA,NA,0,0,0,0,NA,NA,FALSE,FALSE,FALSE,FALSE,2002,2025,2003,2022
c0995_m08355,121.254,0,NA,NA,NA,NA,NA,NA,0,0,0,0,NA,NA,FALSE,FALSE,FALSE,FALSE,2002,2025,2003,2022
c0995_m08365,121.251,3,33.3,NA,NA,NA,3,NA,3,2,0.1,0.0012,NA,NA,FALSE,FALSE,FALSE,FALSE,2002,2025,2003,2022
c0995_m08375,121.249,1,0,NA,NA,NA,1,NA,1,1,0.05,4e-4,NA,NA,FALSE,FALSE,FALSE,FALSE,2002,2025,2003,2022
c0995_m08385,121.247,1,0,NA,NA,NA,1,NA,0,0,0,0,NA,NA,FALSE,FALSE,FALSE,FALSE,2002,2025,2003,2022
c0995_m08395,121.246,0,NA,NA,NA,NA,NA,NA,0,0,0,0,NA,NA,FALSE,FALSE,FALSE,FALSE,2002,2025,2003,2022
c0995_m08405,121.245,1,0,NA,NA,NA,1,NA,1,1,0.05,4e-4,NA,NA,FALSE,FALSE,FALSE,FALSE,2002,2025,2003,2022
c0995_m08415,121.246,5,0,NA,NA,NA,5,NA,4,3,0.15,0.0016,NA,NA,FALSE,FALSE,FALSE,FALSE,2002,2025,2003,2022
c0995_m08425,121.247,13,0,NA,NA,NA,10,NA,12,7,0.35,0.0049,NA,NA,FALSE,FALSE,FALSE,FALSE,2002,2025,2003,2022
c0995_m08435,121.249,143,0,156,215,60,98,0.286,107,19,0.95,0.0441,15.1,0.411,TRUE,FALSE,TRUE,TRUE,2002,2025,2003,2022
c0995_m08445,121.251,44,0,153,221,69,37,NA,41,14,0.7,0.0169,12.4,0.659,TRUE,FALSE,FALSE,TRUE,2002,2025,2003,2022
c0995_m08455,121.254,7,0,NA,NA,NA,6,NA,4,3,0.15,0.0016,NA,NA,FALSE,FALSE,FALSE,FALSE,2002,2025,2003,2022
c0995_m08465,121.258,34,0,145,230,86,25,NA,34,14,0.7,0.014,10.9,0.5,TRUE,FALSE,FALSE,TRUE,2002,2025,2003,2022
c0995_m08475,118.608,107,0.9,131,222,92,71,0.324,87,18,0.9,0.0367,17.8,0.586,TRUE,FALSE,TRUE,TRUE,2002,2025,2003,2022
c0995_m08485,82.633,123,0,128,212,85,88,0.318,94,18,0.9,0.0569,17,0.479,TRUE,FALSE,TRUE,TRUE,2002,2025,2003,2022
c0995_m08495,32.06,66,6.1,104,229,126,46,NA,64,18,0.9,0.0998,14.1,0.531,TRUE,FALSE,FALSE,TRUE,2002,2025,2003,2022
c0995_m08505,10.121,6,16.7,NA,NA,NA,5,NA,6,4,0.2,0.0296,NA,NA,FALSE,FALSE,FALSE,FALSE,2002,2025,2003,2022
c0995_m08515,40.885,12,16.7,NA,NA,NA,10,NA,11,6,0.3,0.0135,NA,NA,FALSE,FALSE,FALSE,FALSE,2002,2025,2003,2022
c0995_m08525,116.234,195,22.1,83,235,153,152,0.362,189,20,1,0.0813,13.8,0.524,TRUE,FALSE,TRUE,TRUE,2002,2025,2003,2022
c0995_m08535,121.306,57,3.5,99,240,142,37,NA,52,15,0.75,0.0214,13.9,0.577,TRUE,FALSE,FALSE,TRUE,2002,2025,2003,2022
c0995_m08545,121.316,10,0,NA,NA,NA,7,NA,10,6,0.3,0.0041,NA,NA,FALSE,FALSE,FALSE,FALSE,2002,2025,2003,2022
c0995_m08555,121.327,32,0,203,244,42,24,NA,28,12,0.6,0.0115,NA,NA,TRUE,FALSE,FALSE,FALSE,2002,2025,2003,2022
c0995_m08565,121.338,47,0,206,241,36,32,NA,45,14,0.7,0.0185,13.9,0.444,TRUE,FALSE,FALSE,TRUE,2002,2025,2003,2022
c0995_m08575,73.353,37,0,152,229,78,26,NA,35,14,0.7,0.0239,9.4,0.486,TRUE,FALSE,FALSE,TRUE,2002,2025,2003,2022
c0995_m08585,0.023,0,NA,NA,NA,NA,NA,NA,0,0,NA,NA,NA,NA,FALSE,FALSE,FALSE,FALSE,2002,2025,2003,2022
c1005_m08315,0.601,0,NA,NA,NA,NA,NA,NA,0,0,NA,NA,NA,NA,FALSE,FALSE,FALSE,FALSE,2002,2025,2003,2022
c1005_m08325,85.484,1,100,NA,NA,NA,1,NA,1,1,0.05,6e-4,NA,NA,FALSE,FALSE,FALSE,FALSE,2002,2025,2003,2022
c1005_m08335,121.227,2,50,NA,NA,NA,2,NA,2,2,0.1,8e-4,NA,NA,FALSE,FALSE,FALSE,FALSE,2002,2025,2003,2022
c1005_m08345,121.222,16,62.5,NA,NA,NA,12,NA,15,7,0.35,0.0062,NA,NA,FALSE,FALSE,FALSE,FALSE,2002,2025,2003,2022
c1005_m08355,121.218,2,50,NA,NA,NA,2,NA,2,2,0.1,8e-4,NA,NA,FALSE,FALSE,FALSE,FALSE,2002,2025,2003,2022
c1005_m08365,121.215,8,37.5,NA,NA,NA,6,NA,8,6,0.3,0.0033,NA,NA,FALSE,FALSE,FALSE,FALSE,2002,2025,2003,2022
c1005_m08375,121.212,0,NA,NA,NA,NA,NA,NA,0,0,0,0,NA,NA,FALSE,FALSE,FALSE,FALSE,2002,2025,2003,2022
c1005_m08385,121.21,0,NA,NA,NA,NA,NA,NA,0,0,0,0,NA,NA,FALSE,FALSE,FALSE,FALSE,2002,2025,2003,2022
c1005_m08395,121.209,0,NA,NA,NA,NA,NA,NA,0,0,0,0,NA,NA,FALSE,FALSE,FALSE,FALSE,2002,2025,2003,2022
c1005_m08405,121.209,0,NA,NA,NA,NA,NA,NA,0,0,0,0,NA,NA,FALSE,FALSE,FALSE,FALSE,2002,2025,2003,2022
c1005_m08415,121.209,1,0,NA,NA,NA,1,NA,0,0,0,0,NA,NA,FALSE,FALSE,FALSE,FALSE,2002,2025,2003,2022
c1005_m08425,121.21,11,0,NA,NA,NA,11,NA,11,9,0.45,0.0045,NA,NA,FALSE,FALSE,FALSE,FALSE,2002,2025,2003,2022
c1005_m08435,121.212,37,0,169,234,66,27,NA,32,14,0.7,0.0132,13.6,0.469,TRUE,FALSE,FALSE,TRUE,2002,2025,2003,2022
c1005_m08445,121.215,21,0,NA,NA,NA,20,NA,19,10,0.5,0.0078,NA,NA,FALSE,FALSE,FALSE,FALSE,2002,2025,2003,2022
c1005_m08455,121.218,6,0,NA,NA,NA,6,NA,4,3,0.15,0.0016,NA,NA,FALSE,FALSE,FALSE,FALSE,2002,2025,2003,2022
c1005_m08465,121.222,5,0,NA,NA,NA,4,NA,2,2,0.1,8e-4,NA,NA,FALSE,FALSE,FALSE,FALSE,2002,2025,2003,2022
c1005_m08475,121.227,43,0,145,222,78,31,NA,38,12,0.6,0.0157,11.8,0.474,TRUE,FALSE,FALSE,TRUE,2002,2025,2003,2022
c1005_m08485,121.232,279,0,135,223,89,138,0.225,262,20,1,0.1081,21.3,0.607,TRUE,FALSE,TRUE,TRUE,2002,2025,2003,2022
c1005_m08495,120.028,312,3.8,133,234,102,174,0.253,289,20,1,0.1204,19.1,0.585,TRUE,FALSE,TRUE,TRUE,2002,2025,2003,2022
c1005_m08505,52.475,78,0,189,245,57,42,NA,73,11,0.55,0.0696,16.5,0.671,TRUE,FALSE,FALSE,TRUE,2002,2025,2003,2022
c1005_m08515,24.746,3,0,NA,NA,NA,3,NA,3,3,0.15,0.0061,NA,NA,FALSE,FALSE,FALSE,FALSE,2002,2025,2003,2022
c1005_m08525,59.608,32,15.6,159,340,182,25,NA,29,11,0.55,0.0243,NA,NA,TRUE,FALSE,FALSE,FALSE,2002,2025,2003,2022
c1005_m08535,121.27,76,13.2,168,274,107,54,NA,68,16,0.8,0.028,15.3,0.544,TRUE,FALSE,FALSE,TRUE,2002,2025,2003,2022
c1005_m08545,121.28,106,1.9,165,238,74,63,0.286,102,18,0.9,0.0421,15.8,0.657,TRUE,FALSE,TRUE,TRUE,2002,2025,2003,2022
c1005_m08555,121.29,143,7,111,237,127,78,0.244,134,18,0.9,0.0552,19.2,0.455,TRUE,FALSE,TRUE,TRUE,2002,2025,2003,2022
c1005_m08565,121.301,42,0,203,235,33,28,NA,39,13,0.65,0.0161,16.6,0.436,TRUE,FALSE,FALSE,TRUE,2002,2025,2003,2022
c1005_m08575,121.313,48,0,180,237,58,38,NA,40,13,0.65,0.0165,16.2,0.425,TRUE,FALSE,FALSE,TRUE,2002,2025,2003,2022
c1005_m08585,42.25,65,0,169,228,60,46,NA,58,15,0.75,0.0686,14.6,0.5,TRUE,FALSE,FALSE,TRUE,2002,2025,2003,2022
c1015_m08325,7.144,0,NA,NA,NA,NA,NA,NA,0,0,NA,NA,NA,NA,FALSE,FALSE,FALSE,FALSE,2002,2025,2003,2022
c1015_m08335,102.402,11,45.5,NA,NA,NA,7,NA,6,4,0.2,0.0029,NA,NA,FALSE,FALSE,FALSE,FALSE,2002,2025,2003,2022
c1015_m08345,121.185,2,0,NA,NA,NA,2,NA,2,1,0.05,8e-4,NA,NA,FALSE,FALSE,FALSE,FALSE,2002,2025,2003,2022
c1015_m08355,121.181,6,50,NA,NA,NA,6,NA,5,4,0.2,0.0021,NA,NA,FALSE,FALSE,FALSE,FALSE,2002,2025,2003,2022
c1015_m08365,121.178,21,52.4,NA,NA,NA,17,NA,19,11,0.55,0.0078,NA,NA,FALSE,FALSE,FALSE,FALSE,2002,2025,2003,2022
c1015_m08375,121.175,0,NA,NA,NA,NA,NA,NA,0,0,0,0,NA,NA,FALSE,FALSE,FALSE,FALSE,2002,2025,2003,2022
c1015_m08385,121.173,12,66.7,NA,NA,NA,11,NA,10,8,0.4,0.0041,NA,NA,FALSE,FALSE,FALSE,FALSE,2002,2025,2003,2022
c1015_m08395,121.172,1,0,NA,NA,NA,1,NA,1,1,0.05,4e-4,NA,NA,FALSE,FALSE,FALSE,FALSE,2002,2025,2003,2022
c1015_m08405,121.172,0,NA,NA,NA,NA,NA,NA,0,0,0,0,NA,NA,FALSE,FALSE,FALSE,FALSE,2002,2025,2003,2022
c1015_m08415,121.172,0,NA,NA,NA,NA,NA,NA,0,0,0,0,NA,NA,FALSE,FALSE,FALSE,FALSE,2002,2025,2003,2022
c1015_m08425,121.173,0,NA,NA,NA,NA,NA,NA,0,0,0,0,NA,NA,FALSE,FALSE,FALSE,FALSE,2002,2025,2003,2022
c1015_m08435,121.175,0,NA,NA,NA,NA,NA,NA,0,0,0,0,NA,NA,FALSE,FALSE,FALSE,FALSE,2002,2025,2003,2022
c1015_m08445,121.178,3,0,NA,NA,NA,3,NA,3,3,0.15,0.0012,NA,NA,FALSE,FALSE,FALSE,FALSE,2002,2025,2003,2022
c1015_m08455,121.181,1,0,NA,NA,NA,1,NA,1,1,0.05,4e-4,NA,NA,FALSE,FALSE,FALSE,FALSE,2002,2025,2003,2022
c1015_m08465,121.185,0,NA,NA,NA,NA,NA,NA,0,0,0,0,NA,NA,FALSE,FALSE,FALSE,FALSE,2002,2025,2003,2022
c1015_m08475,121.19,1,0,NA,NA,NA,1,NA,1,1,0.05,4e-4,NA,NA,FALSE,FALSE,FALSE,FALSE,2002,2025,2003,2022
c1015_m08485,121.195,20,0,NA,NA,NA,10,NA,20,7,0.35,0.0083,NA,NA,FALSE,FALSE,FALSE,FALSE,2002,2025,2003,2022
c1015_m08495,121.201,55,0,171,237,67,34,NA,46,16,0.8,0.019,14.6,0.587,TRUE,FALSE,FALSE,TRUE,2002,2025,2003,2022
c1015_m08505,121.208,212,0,170,236,67,103,0.243,183,19,0.95,0.0755,18.3,0.557,TRUE,FALSE,TRUE,TRUE,2002,2025,2003,2022
c1015_m08515,107.199,188,2.1,155,237,83,126,0.278,171,20,1,0.0798,18.3,0.526,TRUE,FALSE,TRUE,TRUE,2002,2025,2003,2022
c1015_m08525,84.922,158,0,164,229,66,89,0.27,132,18,0.9,0.0777,17.8,0.583,TRUE,FALSE,TRUE,TRUE,2002,2025,2003,2022
c1015_m08535,121.233,116,1.7,168,237,70,68,0.279,107,16,0.8,0.0441,13.4,0.495,TRUE,FALSE,TRUE,TRUE,2002,2025,2003,2022
c1015_m08545,121.243,178,1.7,171,233,63,90,0.256,167,19,0.95,0.0689,15.4,0.509,TRUE,FALSE,TRUE,TRUE,2002,2025,2003,2022
c1015_m08555,121.253,200,1,183,228,46,115,0.278,172,20,1,0.0709,15,0.581,TRUE,FALSE,TRUE,TRUE,2002,2025,2003,2022
c1015_m08565,121.264,199,0,183,225,43,84,0.179,180,19,0.95,0.0742,15.9,0.628,TRUE,FALSE,TRUE,TRUE,2002,2025,2003,2022
c1015_m08575,121.276,167,0,172,235,64,85,0.259,157,15,0.75,0.0647,19.5,0.58,TRUE,FALSE,TRUE,TRUE,2002,2025,2003,2022
c1015_m08585,96.782,312,0,172,230,59,130,0.177,266,19,0.95,0.1374,14.4,0.538,TRUE,FALSE,TRUE,TRUE,2002,2025,2003,2022
c1015_m08595,0.032,0,NA,NA,NA,NA,NA,NA,0,0,NA,NA,NA,NA,FALSE,FALSE,FALSE,FALSE,2002,2025,2003,2022
c1025_m08335,16.696,0,NA,NA,NA,NA,NA,NA,0,0,0,0,NA,NA,FALSE,FALSE,FALSE,FALSE,2002,2025,2003,2022
c1025_m08345,112.001,5,40,NA,NA,NA,4,NA,5,4,0.2,0.0022,NA,NA,FALSE,FALSE,FALSE,FALSE,2002,2025,2003,2022
c1025_m08355,121.144,3,33.3,NA,NA,NA,2,NA,3,2,0.1,0.0012,NA,NA,FALSE,FALSE,FALSE,FALSE,2002,2025,2003,2022
c1025_m08365,121.14,19,57.9,NA,NA,NA,18,NA,19,11,0.55,0.0078,NA,NA,FALSE,FALSE,FALSE,FALSE,2002,2025,2003,2022
c1025_m08375,121.138,14,42.9,NA,NA,NA,11,NA,13,8,0.4,0.0054,NA,NA,FALSE,FALSE,FALSE,FALSE,2002,2025,2003,2022
c1025_m08385,121.136,3,66.7,NA,NA,NA,2,NA,3,2,0.1,0.0012,NA,NA,FALSE,FALSE,FALSE,FALSE,2002,2025,2003,2022
c1025_m08395,121.135,4,0,NA,NA,NA,3,NA,3,2,0.1,0.0012,NA,NA,FALSE,FALSE,FALSE,FALSE,2002,2025,2003,2022
c1025_m08405,121.135,2,0,NA,NA,NA,2,NA,2,2,0.1,8e-4,NA,NA,FALSE,FALSE,FALSE,FALSE,2002,2025,2003,2022
c1025_m08415,121.135,0,NA,NA,NA,NA,NA,NA,0,0,0,0,NA,NA,FALSE,FALSE,FALSE,FALSE,2002,2025,2003,2022
c1025_m08425,121.136,0,NA,NA,NA,NA,NA,NA,0,0,0,0,NA,NA,FALSE,FALSE,FALSE,FALSE,2002,2025,2003,2022
c1025_m08435,121.138,0,NA,NA,NA,NA,NA,NA,0,0,0,0,NA,NA,FALSE,FALSE,FALSE,FALSE,2002,2025,2003,2022
c1025_m08445,121.14,0,NA,NA,NA,NA,NA,NA,0,0,0,0,NA,NA,FALSE,FALSE,FALSE,FALSE,2002,2025,2003,2022
c1025_m08455,121.144,0,NA,NA,NA,NA,NA,NA,0,0,0,0,NA,NA,FALSE,FALSE,FALSE,FALSE,2002,2025,2003,2022
c1025_m08465,121.148,0,NA,NA,NA,NA,NA,NA,0,0,0,0,NA,NA,FALSE,FALSE,FALSE,FALSE,2002,2025,2003,2022
c1025_m08475,121.152,0,NA,NA,NA,NA,NA,NA,0,0,0,0,NA,NA,FALSE,FALSE,FALSE,FALSE,2002,2025,2003,2022
c1025_m08485,121.158,1,0,NA,NA,NA,1,NA,0,0,0,0,NA,NA,FALSE,FALSE,FALSE,FALSE,2002,2025,2003,2022
c1025_m08495,121.164,12,0,NA,NA,NA,11,NA,9,8,0.4,0.0037,NA,NA,FALSE,FALSE,FALSE,FALSE,2002,2025,2003,2022
c1025_m08505,121.171,71,1.4,176,228,53,48,NA,61,17,0.85,0.0252,14.2,0.508,TRUE,FALSE,FALSE,TRUE,2002,2025,2003,2022
c1025_m08515,121.178,336,0,146,227,82,196,0.291,292,20,1,0.1205,17.7,0.315,TRUE,FALSE,TRUE,TRUE,2002,2025,2003,2022
c1025_m08525,121.187,464,1.1,123,237,115,230,0.252,382,20,1,0.1576,21.5,0.374,TRUE,FALSE,TRUE,TRUE,2002,2025,2003,2022
c1025_m08535,121.196,138,1.4,180,253,74,64,0.203,124,17,0.85,0.0512,25.2,0.476,TRUE,FALSE,TRUE,TRUE,2002,2025,2003,2022
c1025_m08545,121.205,78,5.1,171,255,85,42,NA,76,17,0.85,0.0314,18,0.671,TRUE,FALSE,FALSE,TRUE,2002,2025,2003,2022
c1025_m08555,121.216,304,0.3,157,225,69,180,0.306,275,19,0.95,0.1134,15.9,0.495,TRUE,FALSE,TRUE,TRUE,2002,2025,2003,2022
c1025_m08565,121.227,160,4.4,149,237,89,102,0.294,138,18,0.9,0.0569,16.4,0.507,TRUE,FALSE,TRUE,TRUE,2002,2025,2003,2022
c1025_m08575,121.239,208,1,168,227,60,112,0.25,195,17,0.85,0.0804,14.7,0.549,TRUE,FALSE,TRUE,TRUE,2002,2025,2003,2022
c1025_m08585,117.841,202,0,171,232,62,110,0.264,168,19,0.95,0.0713,14.3,0.625,TRUE,FALSE,TRUE,TRUE,2002,2025,2003,2022
c1025_m08595,2.684,0,NA,NA,NA,NA,NA,NA,0,0,NA,NA,NA,NA,FALSE,FALSE,FALSE,FALSE,2002,2025,2003,2022
c1035_m08345,35.798,0,NA,NA,NA,NA,NA,NA,0,0,0,0,NA,NA,FALSE,FALSE,FALSE,FALSE,2002,2025,2003,2022
c1035_m08355,121.043,3,0,NA,NA,NA,2,NA,3,2,0.1,0.0012,NA,NA,FALSE,FALSE,FALSE,FALSE,2002,2025,2003,2022
c1035_m08365,121.103,4,50,NA,NA,NA,4,NA,4,4,0.2,0.0017,NA,NA,FALSE,FALSE,FALSE,FALSE,2002,2025,2003,2022
c1035_m08375,121.1,1,0,NA,NA,NA,1,NA,1,1,0.05,4e-4,NA,NA,FALSE,FALSE,FALSE,FALSE,2002,2025,2003,2022
c1035_m08385,121.099,9,33.3,NA,NA,NA,9,NA,9,8,0.4,0.0037,NA,NA,FALSE,FALSE,FALSE,FALSE,2002,2025,2003,2022
c1035_m08395,121.097,14,50,NA,NA,NA,12,NA,12,7,0.35,0.005,NA,NA,FALSE,FALSE,FALSE,FALSE,2002,2025,2003,2022
c1035_m08405,121.097,20,40,NA,NA,NA,17,NA,14,8,0.4,0.0058,NA,NA,FALSE,FALSE,FALSE,FALSE,2002,2025,2003,2022
c1035_m08415,121.097,5,20,NA,NA,NA,5,NA,4,4,0.2,0.0017,NA,NA,FALSE,FALSE,FALSE,FALSE,2002,2025,2003,2022
c1035_m08425,121.099,18,22.2,NA,NA,NA,16,NA,14,10,0.5,0.0058,NA,NA,FALSE,FALSE,FALSE,FALSE,2002,2025,2003,2022
c1035_m08435,121.1,30,26.7,NA,NA,NA,20,NA,27,10,0.5,0.0111,NA,NA,TRUE,TRUE,FALSE,FALSE,2002,2025,2003,2022
c1035_m08445,121.103,8,0,NA,NA,NA,8,NA,5,4,0.2,0.0021,NA,NA,FALSE,FALSE,FALSE,FALSE,2002,2025,2003,2022
c1035_m08455,121.106,31,3.2,153,223,71,25,NA,21,11,0.55,0.0087,NA,NA,TRUE,FALSE,FALSE,FALSE,2002,2025,2003,2022
c1035_m08465,121.11,1,0,NA,NA,NA,1,NA,1,1,0.05,4e-4,NA,NA,FALSE,FALSE,FALSE,FALSE,2002,2025,2003,2022
c1035_m08475,121.115,0,NA,NA,NA,NA,NA,NA,0,0,0,0,NA,NA,FALSE,FALSE,FALSE,FALSE,2002,2025,2003,2022
c1035_m08485,121.12,0,NA,NA,NA,NA,NA,NA,0,0,0,0,NA,NA,FALSE,FALSE,FALSE,FALSE,2002,2025,2003,2022
c1035_m08495,121.126,3,0,NA,NA,NA,3,NA,3,2,0.1,0.0012,NA,NA,FALSE,FALSE,FALSE,FALSE,2002,2025,2003,2022
c1035_m08505,121.133,80,0,207,243,37,50,NA,71,15,0.75,0.0293,14.8,0.577,TRUE,FALSE,FALSE,TRUE,2002,2025,2003,2022
c1035_m08515,121.141,387,2.8,117,221,105,276,0.301,351,20,1,0.1449,14.9,0.37,TRUE,FALSE,TRUE,TRUE,2002,2025,2003,2022
c1035_m08525,121.149,803,1.1,113,215,103,454,0.289,693,20,1,0.286,15.9,0.367,TRUE,FALSE,TRUE,TRUE,2002,2025,2003,2022
c1035_m08535,121.158,392,2.6,119,225,107,244,0.279,337,20,1,0.1391,14.9,0.546,TRUE,FALSE,TRUE,TRUE,2002,2025,2003,2022
c1035_m08545,121.168,527,5.7,116,234,119,293,0.263,476,20,1,0.1964,21,0.391,TRUE,FALSE,TRUE,TRUE,2002,2025,2003,2022
c1035_m08555,121.178,877,3.3,113,220,108,472,0.275,754,20,1,0.3111,19.9,0.41,TRUE,FALSE,TRUE,TRUE,2002,2025,2003,2022
c1035_m08565,121.189,347,0.3,157,227,71,201,0.284,293,20,1,0.1209,15.2,0.604,TRUE,FALSE,TRUE,TRUE,2002,2025,2003,2022
c1035_m08575,121.201,386,0,169,220,52,192,0.255,341,20,1,0.1407,15.1,0.701,TRUE,FALSE,TRUE,TRUE,2002,2025,2003,2022
c1035_m08585,83.354,281,0,169,215,47,143,0.266,258,20,1,0.1548,16,0.671,TRUE,FALSE,TRUE,TRUE,2002,2025,2003,2022
c1035_m08595,4.613,1,0,NA,NA,NA,1,NA,1,1,NA,NA,NA,NA,FALSE,FALSE,FALSE,FALSE,2002,2025,2003,2022
c1045_m08355,84.799,0,NA,NA,NA,NA,NA,NA,0,0,0,0,NA,NA,FALSE,FALSE,FALSE,FALSE,2002,2025,2003,2022
c1045_m08365,121.065,2,0,NA,NA,NA,2,NA,1,1,0.05,4e-4,NA,NA,FALSE,FALSE,FALSE,FALSE,2002,2025,2003,2022
c1045_m08375,121.062,3,100,NA,NA,NA,3,NA,3,3,0.15,0.0012,NA,NA,FALSE,FALSE,FALSE,FALSE,2002,2025,2003,2022
c1045_m08385,121.061,8,37.5,NA,NA,NA,8,NA,6,3,0.15,0.0025,NA,NA,FALSE,FALSE,FALSE,FALSE,2002,2025,2003,2022
c1045_m08395,121.06,4,25,NA,NA,NA,4,NA,2,2,0.1,8e-4,NA,NA,FALSE,FALSE,FALSE,FALSE,2002,2025,2003,2022
c1045_m08405,121.059,1,0,NA,NA,NA,1,NA,1,1,0.05,4e-4,NA,NA,FALSE,FALSE,FALSE,FALSE,2002,2025,2003,2022
c1045_m08415,121.06,10,60,NA,NA,NA,10,NA,9,8,0.4,0.0037,NA,NA,FALSE,FALSE,FALSE,FALSE,2002,2025,2003,2022
c1045_m08425,121.061,81,58,NA,NA,NA,60,NA,73,19,0.95,0.0302,13.4,0.918,TRUE,TRUE,FALSE,TRUE,2002,2025,2003,2022
c1045_m08435,121.062,47,44.7,NA,NA,NA,37,NA,41,16,0.8,0.0169,12.4,0.683,TRUE,TRUE,FALSE,TRUE,2002,2025,2003,2022
c1045_m08445,121.065,35,22.9,42,253,212,27,NA,35,14,0.7,0.0145,14.5,0.486,TRUE,FALSE,FALSE,TRUE,2002,2025,2003,2022
c1045_m08455,121.068,55,12.7,149,276,128,44,NA,45,15,0.75,0.0186,13.2,0.689,TRUE,FALSE,FALSE,TRUE,2002,2025,2003,2022
c1045_m08465,121.072,8,0,NA,NA,NA,8,NA,7,5,0.25,0.0029,NA,NA,FALSE,FALSE,FALSE,FALSE,2002,2025,2003,2022
c1045_m08475,121.077,0,NA,NA,NA,NA,NA,NA,0,0,0,0,NA,NA,FALSE,FALSE,FALSE,FALSE,2002,2025,2003,2022
c1045_m08485,121.082,0,NA,NA,NA,NA,NA,NA,0,0,0,0,NA,NA,FALSE,FALSE,FALSE,FALSE,2002,2025,2003,2022
c1045_m08495,121.088,0,NA,NA,NA,NA,NA,NA,0,0,0,0,NA,NA,FALSE,FALSE,FALSE,FALSE,2002,2025,2003,2022
c1045_m08505,121.095,86,0,167,241,75,51,NA,76,16,0.8,0.0314,17.5,0.579,TRUE,FALSE,FALSE,TRUE,2002,2025,2003,2022
c1045_m08515,121.103,252,0,155,243,89,141,0.291,234,20,1,0.0966,18.5,0.598,TRUE,FALSE,TRUE,TRUE,2002,2025,2003,2022
c1045_m08525,121.111,422,1.2,129,230,102,248,0.278,384,20,1,0.1585,15.9,0.557,TRUE,FALSE,TRUE,TRUE,2002,2025,2003,2022
c1045_m08535,121.12,301,0.7,147,237,91,157,0.255,251,20,1,0.1036,19.2,0.657,TRUE,FALSE,TRUE,TRUE,2002,2025,2003,2022
c1045_m08545,121.13,410,16.3,85,246,162,242,0.273,365,20,1,0.1507,19.8,0.493,TRUE,FALSE,TRUE,TRUE,2002,2025,2003,2022
c1045_m08555,121.14,689,2.5,108,220,113,385,0.273,617,20,1,0.2547,21.5,0.434,TRUE,FALSE,TRUE,TRUE,2002,2025,2003,2022
c1045_m08565,121.151,353,4,117,227,111,212,0.278,323,20,1,0.1333,15.6,0.483,TRUE,FALSE,TRUE,TRUE,2002,2025,2003,2022
c1045_m08575,117.806,508,0,164,227,64,259,0.239,450,20,1,0.191,14.7,0.691,TRUE,FALSE,TRUE,TRUE,2002,2025,2003,2022
c1045_m08585,40.378,125,0,179,226,48,73,0.26,97,16,0.8,0.1201,12.1,0.639,TRUE,FALSE,TRUE,TRUE,2002,2025,2003,2022
c1055_m08355,27.631,0,NA,NA,NA,NA,NA,NA,0,0,0,0,NA,NA,FALSE,FALSE,FALSE,FALSE,2002,2025,2003,2022
c1055_m08365,121.027,0,NA,NA,NA,NA,NA,NA,0,0,0,0,NA,NA,FALSE,FALSE,FALSE,FALSE,2002,2025,2003,2022
c1055_m08375,121.024,0,NA,NA,NA,NA,NA,NA,0,0,0,0,NA,NA,FALSE,FALSE,FALSE,FALSE,2002,2025,2003,2022
c1055_m08385,121.022,1,0,NA,NA,NA,1,NA,0,0,0,0,NA,NA,FALSE,FALSE,FALSE,FALSE,2002,2025,2003,2022
c1055_m08395,121.021,8,12.5,NA,NA,NA,8,NA,7,5,0.25,0.0029,NA,NA,FALSE,FALSE,FALSE,FALSE,2002,2025,2003,2022
c1055_m08405,121.021,2,0,NA,NA,NA,2,NA,2,2,0.1,8e-4,NA,NA,FALSE,FALSE,FALSE,FALSE,2002,2025,2003,2022
c1055_m08415,121.021,14,7.1,NA,NA,NA,11,NA,8,6,0.3,0.0033,NA,NA,FALSE,FALSE,FALSE,FALSE,2002,2025,2003,2022
c1055_m08425,121.022,13,38.5,NA,NA,NA,12,NA,10,8,0.4,0.0041,NA,NA,FALSE,FALSE,FALSE,FALSE,2002,2025,2003,2022
c1055_m08435,121.024,18,22.2,NA,NA,NA,17,NA,14,9,0.45,0.0058,NA,NA,FALSE,FALSE,FALSE,FALSE,2002,2025,2003,2022
c1055_m08445,121.027,20,20,NA,NA,NA,20,NA,16,8,0.4,0.0066,NA,NA,FALSE,FALSE,FALSE,FALSE,2002,2025,2003,2022
c1055_m08455,121.03,31,6.5,153,249,97,27,NA,29,13,0.65,0.012,NA,NA,TRUE,FALSE,FALSE,FALSE,2002,2025,2003,2022
c1055_m08465,121.034,3,0,NA,NA,NA,2,NA,0,0,0,0,NA,NA,FALSE,FALSE,FALSE,FALSE,2002,2025,2003,2022
c1055_m08475,121.038,0,NA,NA,NA,NA,NA,NA,0,0,0,0,NA,NA,FALSE,FALSE,FALSE,FALSE,2002,2025,2003,2022
c1055_m08485,121.044,0,NA,NA,NA,NA,NA,NA,0,0,0,0,NA,NA,FALSE,FALSE,FALSE,FALSE,2002,2025,2003,2022
c1055_m08495,121.05,0,NA,NA,NA,NA,NA,NA,0,0,0,0,NA,NA,FALSE,FALSE,FALSE,FALSE,2002,2025,2003,2022
c1055_m08505,121.057,7,0,NA,NA,NA,5,NA,7,4,0.2,0.0029,NA,NA,FALSE,FALSE,FALSE,FALSE,2002,2025,2003,2022
c1055_m08515,121.064,115,0.9,197,250,54,79,0.304,100,20,1,0.0413,17.3,0.57,TRUE,FALSE,TRUE,TRUE,2002,2025,2003,2022
c1055_m08525,121.072,163,2.5,177,238,62,95,0.263,143,20,1,0.0591,18.5,0.699,TRUE,FALSE,TRUE,TRUE,2002,2025,2003,2022
c1055_m08535,121.081,390,1.5,182,237,56,173,0.208,336,20,1,0.1388,17,0.637,TRUE,FALSE,TRUE,TRUE,2002,2025,2003,2022
c1055_m08545,121.091,252,0,155,232,78,132,0.227,236,20,1,0.0974,17.5,0.669,TRUE,FALSE,TRUE,TRUE,2002,2025,2003,2022
c1055_m08555,121.102,472,1.1,141,234,94,227,0.233,432,20,1,0.1784,23,0.644,TRUE,FALSE,TRUE,TRUE,2002,2025,2003,2022
c1055_m08565,114.351,579,0.7,146,229,84,281,0.242,513,20,1,0.2243,21.2,0.595,TRUE,FALSE,TRUE,TRUE,2002,2025,2003,2022
c1055_m08575,26.643,45,0,166,229,64,33,NA,39,14,0.7,0.0732,15.2,0.615,TRUE,FALSE,FALSE,TRUE,2002,2025,2003,2022
c1065_m08355,0.109,0,NA,NA,NA,NA,NA,NA,0,0,NA,NA,NA,NA,FALSE,FALSE,FALSE,FALSE,2002,2025,2003,2022
c1065_m08365,103.969,0,NA,NA,NA,NA,NA,NA,0,0,0,0,NA,NA,FALSE,FALSE,FALSE,FALSE,2002,2025,2003,2022
c1065_m08375,120.985,2,0,NA,NA,NA,2,NA,1,1,0.05,4e-4,NA,NA,FALSE,FALSE,FALSE,FALSE,2002,2025,2003,2022
c1065_m08385,118.539,4,0,NA,NA,NA,3,NA,3,2,0.1,0.0013,NA,NA,FALSE,FALSE,FALSE,FALSE,2002,2025,2003,2022
c1065_m08395,81.542,2,0,NA,NA,NA,1,NA,2,1,0.05,0.0012,NA,NA,FALSE,FALSE,FALSE,FALSE,2002,2025,2003,2022
c1065_m08405,114.804,7,0,NA,NA,NA,4,NA,5,2,0.1,0.0022,NA,NA,FALSE,FALSE,FALSE,FALSE,2002,2025,2003,2022
c1065_m08415,120.983,2,0,NA,NA,NA,2,NA,2,2,0.1,8e-4,NA,NA,FALSE,FALSE,FALSE,FALSE,2002,2025,2003,2022
c1065_m08425,120.984,1,0,NA,NA,NA,1,NA,1,1,0.05,4e-4,NA,NA,FALSE,FALSE,FALSE,FALSE,2002,2025,2003,2022
c1065_m08435,120.985,18,11.1,NA,NA,NA,14,NA,10,9,0.45,0.0041,NA,NA,FALSE,FALSE,FALSE,FALSE,2002,2025,2003,2022
c1065_m08445,120.988,15,0,NA,NA,NA,13,NA,14,9,0.45,0.0058,NA,NA,FALSE,FALSE,FALSE,FALSE,2002,2025,2003,2022
c1065_m08455,120.991,10,0,NA,NA,NA,7,NA,7,6,0.3,0.0029,NA,NA,FALSE,FALSE,FALSE,FALSE,2002,2025,2003,2022
c1065_m08465,120.995,13,0,NA,NA,NA,10,NA,5,4,0.2,0.0021,NA,NA,FALSE,FALSE,FALSE,FALSE,2002,2025,2003,2022
c1065_m08475,121,14,14.3,NA,NA,NA,8,NA,8,4,0.2,0.0033,NA,NA,FALSE,FALSE,FALSE,FALSE,2002,2025,2003,2022
c1065_m08485,121.005,2,0,NA,NA,NA,2,NA,2,2,0.1,8e-4,NA,NA,FALSE,FALSE,FALSE,FALSE,2002,2025,2003,2022
c1065_m08495,121.011,5,0,NA,NA,NA,5,NA,4,4,0.2,0.0017,NA,NA,FALSE,FALSE,FALSE,FALSE,2002,2025,2003,2022
c1065_m08505,121.018,1,0,NA,NA,NA,1,NA,0,0,0,0,NA,NA,FALSE,FALSE,FALSE,FALSE,2002,2025,2003,2022
c1065_m08515,121.026,14,0,NA,NA,NA,5,NA,10,4,0.2,0.0041,NA,NA,FALSE,FALSE,FALSE,FALSE,2002,2025,2003,2022
c1065_m08525,121.034,24,0,NA,NA,NA,19,NA,18,11,0.55,0.0074,NA,NA,FALSE,FALSE,FALSE,FALSE,2002,2025,2003,2022
c1065_m08535,121.043,74,0,187,249,63,52,NA,68,18,0.9,0.0281,18.3,0.809,TRUE,FALSE,FALSE,TRUE,2002,2025,2003,2022
c1065_m08545,121.052,135,0,171,245,75,93,0.29,119,18,0.9,0.0492,17.1,0.731,TRUE,FALSE,TRUE,TRUE,2002,2025,2003,2022
c1065_m08555,121.063,548,8.6,107,228,122,293,0.249,482,20,1,0.1991,18.4,0.637,TRUE,FALSE,TRUE,TRUE,2002,2025,2003,2022
c1065_m08565,121.074,305,1,173,240,68,156,0.244,276,20,1,0.114,24.8,0.62,TRUE,FALSE,TRUE,TRUE,2002,2025,2003,2022
c1065_m08575,12.513,5,0,NA,NA,NA,5,NA,5,5,0.25,0.02,NA,NA,FALSE,FALSE,FALSE,FALSE,2002,2025,2003,2022
c1075_m08365,73.158,0,NA,NA,NA,NA,NA,NA,0,0,0,0,NA,NA,FALSE,FALSE,FALSE,FALSE,2002,2025,2003,2022
c1075_m08375,59.064,1,0,NA,NA,NA,1,NA,0,0,0,0,NA,NA,FALSE,FALSE,FALSE,FALSE,2002,2025,2003,2022
c1075_m08385,12.698,1,0,NA,NA,NA,1,NA,1,1,0.05,0.0039,NA,NA,FALSE,FALSE,FALSE,FALSE,2002,2025,2003,2022
c1075_m08405,18.148,0,NA,NA,NA,NA,NA,NA,0,0,0,0,NA,NA,FALSE,FALSE,FALSE,FALSE,2002,2025,2003,2022
c1075_m08415,24.897,1,0,NA,NA,NA,1,NA,0,0,0,0,NA,NA,FALSE,FALSE,FALSE,FALSE,2002,2025,2003,2022
c1075_m08425,67.129,0,NA,NA,NA,NA,NA,NA,0,0,0,0,NA,NA,FALSE,FALSE,FALSE,FALSE,2002,2025,2003,2022
c1075_m08435,120.946,13,0,NA,NA,NA,10,NA,8,4,0.2,0.0033,NA,NA,FALSE,FALSE,FALSE,FALSE,2002,2025,2003,2022
c1075_m08445,120.949,17,17.6,NA,NA,NA,17,NA,13,6,0.3,0.0054,NA,NA,FALSE,FALSE,FALSE,FALSE,2002,2025,2003,2022
c1075_m08455,120.952,18,5.6,NA,NA,NA,13,NA,14,8,0.4,0.0058,NA,NA,FALSE,FALSE,FALSE,FALSE,2002,2025,2003,2022
c1075_m08465,120.956,29,3.4,NA,NA,NA,20,NA,25,7,0.35,0.0103,NA,NA,FALSE,FALSE,FALSE,FALSE,2002,2025,2003,2022
c1075_m08475,120.961,46,6.5,180,261,82,34,NA,38,10,0.5,0.0157,21.4,0.711,TRUE,FALSE,FALSE,TRUE,2002,2025,2003,2022
c1075_m08485,120.966,20,0,NA,NA,NA,15,NA,16,8,0.4,0.0066,NA,NA,FALSE,FALSE,FALSE,FALSE,2002,2025,2003,2022
c1075_m08495,120.972,18,5.6,NA,NA,NA,15,NA,16,10,0.5,0.0066,NA,NA,FALSE,FALSE,FALSE,FALSE,2002,2025,2003,2022
c1075_m08505,120.979,13,7.7,NA,NA,NA,10,NA,12,7,0.35,0.005,NA,NA,FALSE,FALSE,FALSE,FALSE,2002,2025,2003,2022
c1075_m08515,120.986,1,0,NA,NA,NA,1,NA,0,0,0,0,NA,NA,FALSE,FALSE,FALSE,FALSE,2002,2025,2003,2022
c1075_m08525,120.995,0,NA,NA,NA,NA,NA,NA,0,0,0,0,NA,NA,FALSE,FALSE,FALSE,FALSE,2002,2025,2003,2022
c1075_m08535,121.004,2,0,NA,NA,NA,2,NA,1,1,0.05,4e-4,NA,NA,FALSE,FALSE,FALSE,FALSE,2002,2025,2003,2022
c1075_m08545,121.013,25,0,NA,NA,NA,20,NA,25,13,0.65,0.0103,NA,NA,FALSE,FALSE,FALSE,FALSE,2002,2025,2003,2022
c1075_m08555,121.024,125,2.4,155,237,83,79,0.304,88,19,0.95,0.0364,19.4,0.466,TRUE,FALSE,TRUE,TRUE,2002,2025,2003,2022
c1075_m08565,121.035,125,0,172,237,66,59,0.22,120,18,0.9,0.0496,17,0.642,TRUE,FALSE,TRUE,TRUE,2002,2025,2003,2022
c1075_m08575,62.575,0,NA,NA,NA,NA,NA,NA,0,0,0,0,NA,NA,FALSE,FALSE,FALSE,FALSE,2002,2025,2003,2022
c1075_m08585,20.946,0,NA,NA,NA,NA,NA,NA,0,0,0,0,NA,NA,FALSE,FALSE,FALSE,FALSE,2002,2025,2003,2022
c1085_m08365,19.543,0,NA,NA,NA,NA,NA,NA,0,0,0,0,NA,NA,FALSE,FALSE,FALSE,FALSE,2002,2025,2003,2022
c1085_m08375,24.303,0,NA,NA,NA,NA,NA,NA,0,0,0,0,NA,NA,FALSE,FALSE,FALSE,FALSE,2002,2025,2003,2022
c1085_m08425,10.184,1,0,NA,NA,NA,1,NA,1,1,0.05,0.0049,NA,NA,FALSE,FALSE,FALSE,FALSE,2002,2025,2003,2022
c1085_m08435,76.127,6,0,NA,NA,NA,6,NA,4,4,0.2,0.0026,NA,NA,FALSE,FALSE,FALSE,FALSE,2002,2025,2003,2022
c1085_m08445,120.909,45,31.1,NA,NA,NA,36,NA,33,14,0.7,0.0136,10.7,0.667,TRUE,TRUE,FALSE,TRUE,2002,2025,2003,2022
c1085_m08455,120.913,38,2.6,200,242,43,27,NA,28,8,0.4,0.0116,NA,NA,TRUE,FALSE,FALSE,FALSE,2002,2025,2003,2022
c1085_m08465,120.917,82,7.3,183,256,74,54,NA,67,16,0.8,0.0277,19.4,0.821,TRUE,FALSE,FALSE,TRUE,2002,2025,2003,2022
c1085_m08475,120.921,43,0,199,244,46,30,NA,35,8,0.4,0.0145,24.9,0.657,TRUE,FALSE,FALSE,TRUE,2002,2025,2003,2022
c1085_m08485,120.927,17,0,NA,NA,NA,15,NA,14,7,0.35,0.0058,NA,NA,FALSE,FALSE,FALSE,FALSE,2002,2025,2003,2022
c1085_m08495,120.002,42,0,193,256,64,29,NA,37,10,0.5,0.0154,16,0.649,TRUE,FALSE,FALSE,TRUE,2002,2025,2003,2022
c1085_m08505,120.939,20,0,NA,NA,NA,18,NA,19,9,0.45,0.0079,NA,NA,FALSE,FALSE,FALSE,FALSE,2002,2025,2003,2022
c1085_m08515,120.947,13,0,NA,NA,NA,11,NA,11,5,0.25,0.0045,NA,NA,FALSE,FALSE,FALSE,FALSE,2002,2025,2003,2022
c1085_m08525,120.955,10,10,NA,NA,NA,6,NA,10,4,0.2,0.0041,NA,NA,FALSE,FALSE,FALSE,FALSE,2002,2025,2003,2022
c1085_m08535,120.964,2,0,NA,NA,NA,2,NA,2,1,0.05,8e-4,NA,NA,FALSE,FALSE,FALSE,FALSE,2002,2025,2003,2022
c1085_m08545,120.974,1,0,NA,NA,NA,1,NA,1,1,0.05,4e-4,NA,NA,FALSE,FALSE,FALSE,FALSE,2002,2025,2003,2022
c1085_m08555,120.984,48,0,147,254,108,29,NA,39,12,0.6,0.0161,14.2,0.436,TRUE,FALSE,FALSE,TRUE,2002,2025,2003,2022
c1085_m08565,120.995,94,0,184,233,50,50,NA,82,17,0.85,0.0339,26.1,0.646,TRUE,FALSE,FALSE,TRUE,2002,2025,2003,2022
c1085_m08575,111.904,139,0,193,239,47,91,0.264,131,19,0.95,0.0585,14.8,0.718,TRUE,FALSE,TRUE,TRUE,2002,2025,2003,2022
c1085_m08585,99.725,1,0,NA,NA,NA,1,NA,1,1,0.05,5e-4,NA,NA,FALSE,FALSE,FALSE,FALSE,2002,2025,2003,2022
c1085_m08595,36.439,2,0,NA,NA,NA,1,NA,2,1,0.05,0.0027,NA,NA,FALSE,FALSE,FALSE,FALSE,2002,2025,2003,2022
c1085_m08605,0.001,0,NA,NA,NA,NA,NA,NA,0,0,NA,NA,NA,NA,FALSE,FALSE,FALSE,FALSE,2002,2025,2003,2022
c1095_m08435,1.308,0,NA,NA,NA,NA,NA,NA,0,0,NA,NA,NA,NA,FALSE,FALSE,FALSE,FALSE,2002,2025,2003,2022
c1095_m08445,26.282,6,0,NA,NA,NA,6,NA,4,4,0.2,0.0076,NA,NA,FALSE,FALSE,FALSE,FALSE,2002,2025,2003,2022
c1095_m08455,62.868,28,14.3,NA,NA,NA,24,NA,20,10,0.5,0.0159,NA,NA,FALSE,FALSE,FALSE,FALSE,2002,2025,2003,2022
c1095_m08465,112.981,72,11.1,129,252,124,49,NA,65,14,0.7,0.0288,15.1,0.708,TRUE,FALSE,FALSE,TRUE,2002,2025,2003,2022
c1095_m08475,120.24,81,3.7,193,258,66,52,NA,63,15,0.75,0.0262,15.3,0.54,TRUE,FALSE,FALSE,TRUE,2002,2025,2003,2022
c1095_m08485,74.341,52,0,220,249,30,23,NA,46,5,0.25,0.0309,33.9,0.565,TRUE,FALSE,FALSE,TRUE,2002,2025,2003,2022
c1095_m08495,10.78,5,0,NA,NA,NA,2,NA,5,1,0.05,0.0232,NA,NA,FALSE,FALSE,FALSE,FALSE,2002,2025,2003,2022
c1095_m08505,33.252,9,33.3,NA,NA,NA,8,NA,8,7,0.35,0.012,NA,NA,FALSE,FALSE,FALSE,FALSE,2002,2025,2003,2022
c1095_m08515,78.516,8,12.5,NA,NA,NA,5,NA,8,4,0.2,0.0051,NA,NA,FALSE,FALSE,FALSE,FALSE,2002,2025,2003,2022
c1095_m08525,116.587,91,2.2,212,244,33,62,NA,86,17,0.85,0.0369,16.3,0.872,TRUE,FALSE,FALSE,TRUE,2002,2025,2003,2022
c1095_m08535,120.924,66,3,205,244,40,45,NA,50,15,0.75,0.0207,17.6,0.92,TRUE,FALSE,FALSE,TRUE,2002,2025,2003,2022
c1095_m08545,120.934,43,2.3,215,248,34,28,NA,40,12,0.6,0.0165,23,0.9,TRUE,FALSE,FALSE,TRUE,2002,2025,2003,2022
c1095_m08555,120.944,48,0,206,255,50,26,NA,42,12,0.6,0.0174,21.4,0.548,TRUE,FALSE,FALSE,TRUE,2002,2025,2003,2022
c1095_m08565,120.955,191,0,185,239,55,93,0.204,180,17,0.85,0.0744,20.6,0.683,TRUE,FALSE,TRUE,TRUE,2002,2025,2003,2022
c1095_m08575,71.503,66,0,185,252,68,49,NA,63,17,0.85,0.0441,15.7,0.651,TRUE,FALSE,FALSE,TRUE,2002,2025,2003,2022
c1095_m08585,0.294,0,NA,NA,NA,NA,NA,NA,0,0,NA,NA,NA,NA,FALSE,FALSE,FALSE,FALSE,2002,2025,2003,2022
c1095_m08595,0.012,0,NA,NA,NA,NA,NA,NA,0,0,NA,NA,NA,NA,FALSE,FALSE,FALSE,FALSE,2002,2025,2003,2022
c1105_m08465,1.9,3,0,NA,NA,NA,3,NA,3,3,NA,NA,NA,NA,FALSE,FALSE,FALSE,FALSE,2002,2025,2003,2022
c1105_m08475,20.038,32,0,195,239,45,22,NA,24,9,0.45,0.0599,NA,NA,TRUE,FALSE,FALSE,FALSE,2002,2025,2003,2022
c1105_m08525,7.478,14,14.3,NA,NA,NA,12,NA,14,7,NA,NA,NA,NA,FALSE,FALSE,FALSE,FALSE,2002,2025,2003,2022
c1105_m08535,58.123,139,7.9,210,243,34,82,0.305,125,19,0.95,0.1075,17.9,0.952,TRUE,FALSE,TRUE,TRUE,2002,2025,2003,2022
c1105_m08545,95.688,178,5.1,220,250,31,102,0.284,159,20,1,0.0831,16.1,0.887,TRUE,FALSE,TRUE,TRUE,2002,2025,2003,2022
c1105_m08555,119.146,217,0.9,211,250,40,130,0.285,180,18,0.9,0.0755,19.8,0.839,TRUE,FALSE,TRUE,TRUE,2002,2025,2003,2022
c1105_m08565,120.915,373,0.3,207,246,40,186,0.258,341,20,1,0.141,15.7,0.751,TRUE,FALSE,TRUE,TRUE,2002,2025,2003,2022
c1105_m08575,28.116,59,1.7,209,248,40,47,NA,49,18,0.9,0.0871,15,0.714,TRUE,FALSE,FALSE,TRUE,2002,2025,2003,2022
c1115_m08555,15.904,43,0,223,242,20,32,NA,38,12,0.6,0.1195,15.9,0.816,TRUE,FALSE,FALSE,TRUE,2002,2025,2003,2022
c1115_m08565,62.989,160,0.6,210,245,36,94,0.266,138,20,1,0.1095,16.4,0.725,TRUE,FALSE,TRUE,TRUE,2002,2025,2003,2022
c1115_m08575,0.012,0,NA,NA,NA,NA,NA,NA,0,0,NA,NA,NA,NA,FALSE,FALSE,FALSE,FALSE,2002,2025,2003,2022
